[
  {
    "eventId": 152002298,
    "eventName": "FC Bayern München vs Eintracht Frankfurt",
    "url": "/Sports-Tickets/Soccer/FC-Bayern-Munich-Tickets/E-152002298",
    "dayOfWeek": "Sat",
    "formattedDateWithoutYear": "Apr 27",
    "venueId": 18,
    "venueName": "Allianz Arena",
    "formattedVenueLocation": "Munich, Germany",
    "eventCountdownMessage": "",
    "price": "",
    "ticketsLeftForEventMessage": null
  },
  {
    "eventId": 153445057,
    "eventName": "FC Bayern München vs Real Madrid CF - European Cup - Semi Finals",
    "url": "/Sports-Tickets/Soccer/FC-Bayern-Munich-Tickets/E-153445057",
    "dayOfWeek": "Tue",
    "formattedDateWithoutYear": "Apr 30",
    "venueId": 18,
    "venueName": "Allianz Arena",
    "formattedVenueLocation": "Munich, Germany",
    "eventCountdownMessage": "",
    "price": "",
    "ticketsLeftForEventMessage": null
  },
  {
    "eventId": 152002364,
    "eventName": "FC Bayern München vs VfL Wolfsburg",
    "url": "/Sports-Tickets/Soccer/FC-Bayern-Munich-Tickets/E-152002364",
    "dayOfWeek": "Sun",
    "formattedDateWithoutYear": "May 12",
    "venueId": 18,
    "venueName": "Allianz Arena",
    "formattedVenueLocation": "Munich, Germany",
    "eventCountdownMessage": "",
    "price": "",
    "ticketsLeftForEventMessage": null
  },
  {
    "eventId": 153065859,
    "eventName": "AC/DC",
    "url": "/Concert-Tickets/Hard-Rock-and-Metal-Music/AC-DC-Tickets/E-153065859",
    "dayOfWeek": "Sun",
    "formattedDateWithoutYear": "Jun 09",
    "venueId": 625,
    "venueName": "Olympiastadion München",
    "formattedVenueLocation": "Munich, Germany",
    "eventCountdownMessage": "",
    "price": "",
    "ticketsLeftForEventMessage": null
  },
  {
    "eventId": 153065860,
    "eventName": "AC/DC",
    "url": "/Concert-Tickets/Hard-Rock-and-Metal-Music/AC-DC-Tickets/E-153065860",
    "dayOfWeek": "Wed",
    "formattedDateWithoutYear": "Jun 12",
    "venueId": 625,
    "venueName": "Olympiastadion München",
    "formattedVenueLocation": "Munich, Germany",
    "eventCountdownMessage": "",
    "price": "",
    "ticketsLeftForEventMessage": null
  },
  {
    "eventId": 151804289,
    "eventName": "Germany vs Scotland - European Championship 2024",
    "url": "/Sports-Tickets/Soccer/European-Championship-2024-Tickets/E-151804289",
    "dayOfWeek": "Fri",
    "formattedDateWithoutYear": "Jun 14",
    "venueId": 18,
    "venueName": "Allianz Arena",
    "formattedVenueLocation": "Munich, Germany",
    "eventCountdownMessage": "",
    "price": "",
    "ticketsLeftForEventMessage": null
  },
  {
    "eventId": 151949742,
    "eventName": "Taylor Swift",
    "url": "/Concert-Tickets/Country-and-Folk-Music/Taylor-Swift-Tickets/E-151949742",
    "dayOfWeek": "Sat",
    "formattedDateWithoutYear": "Jul 27",
    "venueId": 625,
    "venueName": "Olympiastadion München",
    "formattedVenueLocation": "Munich, Germany",
    "eventCountdownMessage": "",
    "price": "",
    "ticketsLeftForEventMessage": null
  },
  {
    "eventId": 151973560,
    "eventName": "Taylor Swift",
    "url": "/Concert-Tickets/Country-and-Folk-Music/Taylor-Swift-Tickets/E-151973560",
    "dayOfWeek": "Sun",
    "formattedDateWithoutYear": "Jul 28",
    "venueId": 625,
    "venueName": "Olympiastadion München",
    "formattedVenueLocation": "Munich, Germany",
    "eventCountdownMessage": "",
    "price": "",
    "ticketsLeftForEventMessage": null
  },
  {
    "eventId": 152995492,
    "eventName": "Adele",
    "url": "/Concert-Tickets/Alternative-Music/Adele-Tickets/E-152995492",
    "dayOfWeek": "Fri",
    "formattedDateWithoutYear": "Aug 02",
    "venueId": 26852,
    "venueName": "Open Air Arena - Messe München - Complex",
    "formattedVenueLocation": "München, Germany",
    "eventCountdownMessage": "",
    "price": "",
    "ticketsLeftForEventMessage": null
  },
  {
    "eventId": 152995493,
    "eventName": "Adele",
    "url": "/Concert-Tickets/Alternative-Music/Adele-Tickets/E-152995493",
    "dayOfWeek": "Sat",
    "formattedDateWithoutYear": "Aug 03",
    "venueId": 26852,
    "venueName": "Open Air Arena - Messe München - Complex",
    "formattedVenueLocation": "München, Germany",
    "eventCountdownMessage": "",
    "price": "",
    "ticketsLeftForEventMessage": null
  },
  {
    "eventId": 152995446,
    "eventName": "Adele",
    "url": "/Concert-Tickets/Alternative-Music/Adele-Tickets/E-152995446",
    "dayOfWeek": "Fri",
    "formattedDateWithoutYear": "Aug 09",
    "venueId": 26852,
    "venueName": "Open Air Arena - Messe München - Complex",
    "formattedVenueLocation": "München, Germany",
    "eventCountdownMessage": "",
    "price": "",
    "ticketsLeftForEventMessage": null
  },
  {
    "eventId": 152995495,
    "eventName": "Adele",
    "url": "/Concert-Tickets/Alternative-Music/Adele-Tickets/E-152995495",
    "dayOfWeek": "Sat",
    "formattedDateWithoutYear": "Aug 10",
    "venueId": 26852,
    "venueName": "Open Air Arena - Messe München - Complex",
    "formattedVenueLocation": "München, Germany",
    "eventCountdownMessage": "",
    "price": "",
    "ticketsLeftForEventMessage": null
  },
  {
    "eventId": 153016726,
    "eventName": "Adele",
    "url": "/Concert-Tickets/Alternative-Music/Adele-Tickets/E-153016726",
    "dayOfWeek": "Wed",
    "formattedDateWithoutYear": "Aug 14",
    "venueId": 26852,
    "venueName": "Open Air Arena - Messe München - Complex",
    "formattedVenueLocation": "München, Germany",
    "eventCountdownMessage": "",
    "price": "",
    "ticketsLeftForEventMessage": null
  },
  {
    "eventId": 152076203,
    "eventName": "Coldplay",
    "url": "/Concert-Tickets/Alternative-Music/Coldplay-Tickets/E-152076203",
    "dayOfWeek": "Thu",
    "formattedDateWithoutYear": "Aug 15",
    "venueId": 625,
    "venueName": "Olympiastadion München",
    "formattedVenueLocation": "Munich, Germany",
    "eventCountdownMessage": "",
    "price": "",
    "ticketsLeftForEventMessage": null
  },
  {
    "eventId": 153016729,
    "eventName": "Adele",
    "url": "/Concert-Tickets/Alternative-Music/Adele-Tickets/E-153016729",
    "dayOfWeek": "Fri",
    "formattedDateWithoutYear": "Aug 16",
    "venueId": 26852,
    "venueName": "Open Air Arena - Messe München - Complex",
    "formattedVenueLocation": "München, Germany",
    "eventCountdownMessage": "",
    "price": "",
    "ticketsLeftForEventMessage": null
  },
  {
    "eventId": 152076208,
    "eventName": "Coldplay",
    "url": "/Concert-Tickets/Alternative-Music/Coldplay-Tickets/E-152076208",
    "dayOfWeek": "Sat",
    "formattedDateWithoutYear": "Aug 17",
    "venueId": 625,
    "venueName": "Olympiastadion München",
    "formattedVenueLocation": "Munich, Germany",
    "eventCountdownMessage": "",
    "price": "",
    "ticketsLeftForEventMessage": null
  },
  {
    "eventId": 152091576,
    "eventName": "Coldplay",
    "url": "/Concert-Tickets/Alternative-Music/Coldplay-Tickets/E-152091576",
    "dayOfWeek": "Sun",
    "formattedDateWithoutYear": "Aug 18",
    "venueId": 625,
    "venueName": "Olympiastadion München",
    "formattedVenueLocation": "Munich, Germany",
    "eventCountdownMessage": "",
    "price": "",
    "ticketsLeftForEventMessage": null
  },
  {
    "eventId": 153016731,
    "eventName": "Adele",
    "url": "/Concert-Tickets/Alternative-Music/Adele-Tickets/E-153016731",
    "dayOfWeek": "Fri",
    "formattedDateWithoutYear": "Aug 23",
    "venueId": 26852,
    "venueName": "Open Air Arena - Messe München - Complex",
    "formattedVenueLocation": "München, Germany",
    "eventCountdownMessage": "",
    "price": "",
    "ticketsLeftForEventMessage": null
  },
  {
    "eventId": 153016732,
    "eventName": "Adele",
    "url": "/Concert-Tickets/Alternative-Music/Adele-Tickets/E-153016732",
    "dayOfWeek": "Sat",
    "formattedDateWithoutYear": "Aug 24",
    "venueId": 26852,
    "venueName": "Open Air Arena - Messe München - Complex",
    "formattedVenueLocation": "München, Germany",
    "eventCountdownMessage": "",
    "price": "",
    "ticketsLeftForEventMessage": null
  },
  {
    "eventId": 153026228,
    "eventName": "Adele",
    "url": "/Concert-Tickets/Alternative-Music/Adele-Tickets/E-153026228",
    "dayOfWeek": "Sat",
    "formattedDateWithoutYear": "Aug 31",
    "venueId": 26852,
    "venueName": "Open Air Arena - Messe München - Complex",
    "formattedVenueLocation": "München, Germany",
    "eventCountdownMessage": "",
    "price": "",
    "ticketsLeftForEventMessage": null
  },
  {
    "eventId": 152288429,
    "eventName": "Darius Rucker",
    "url": "/Concert-Tickets/RB-and-Soul-Music/Darius-Rucker-Tickets/E-152288429",
    "dayOfWeek": "Mon",
    "formattedDateWithoutYear": "Apr 22",
    "venueId": 1259,
    "venueName": "Backstage Werk",
    "formattedVenueLocation": "München, Germany",
    "eventCountdownMessage": "",
    "price": "",
    "ticketsLeftForEventMessage": null
  },
  {
    "eventId": 151582647,
    "eventName": "Fletcher",
    "url": "/Concert-Tickets/Rock-and-Pop/Fletcher-Tickets/E-151582647",
    "dayOfWeek": "Wed",
    "formattedDateWithoutYear": "Apr 24",
    "venueId": 1259,
    "venueName": "Backstage Werk",
    "formattedVenueLocation": "München, Germany",
    "eventCountdownMessage": "",
    "price": "",
    "ticketsLeftForEventMessage": null
  },
  {
    "eventId": 152697150,
    "eventName": "Monster Jam",
    "url": "/Sports-Tickets/Motorsports/Motorsport-Parking-Passes/Monster-Jam-Parking-Passes/Monster-Jam-Tickets/E-152697150",
    "dayOfWeek": "Sat",
    "formattedDateWithoutYear": "Apr 27",
    "venueId": 621,
    "venueName": "Olympiahalle München",
    "formattedVenueLocation": "München, Germany",
    "eventCountdownMessage": "",
    "price": "",
    "ticketsLeftForEventMessage": null
  },
  {
    "eventId": 152697151,
    "eventName": "Monster Jam",
    "url": "/Sports-Tickets/Motorsports/Motorsport-Parking-Passes/Monster-Jam-Parking-Passes/Monster-Jam-Tickets/E-152697151",
    "dayOfWeek": "Sat",
    "formattedDateWithoutYear": "Apr 27",
    "venueId": 621,
    "venueName": "Olympiahalle München",
    "formattedVenueLocation": "München, Germany",
    "eventCountdownMessage": "",
    "price": "",
    "ticketsLeftForEventMessage": null
  },
  {
    "eventId": 152697152,
    "eventName": "Monster Jam",
    "url": "/Sports-Tickets/Motorsports/Motorsport-Parking-Passes/Monster-Jam-Parking-Passes/Monster-Jam-Tickets/E-152697152",
    "dayOfWeek": "Sun",
    "formattedDateWithoutYear": "Apr 28",
    "venueId": 621,
    "venueName": "Olympiahalle München",
    "formattedVenueLocation": "München, Germany",
    "eventCountdownMessage": "",
    "price": "",
    "ticketsLeftForEventMessage": null
  },
  {
    "eventId": 152759784,
    "eventName": "Christian Löffler - A Life Tour",
    "url": "/Concert-Tickets/Dance-and-Electronic-Music/Christian-Loffler-Tickets/E-152759784",
    "dayOfWeek": "Fri",
    "formattedDateWithoutYear": "May 03",
    "venueId": 605,
    "venueName": "Muffathalle",
    "formattedVenueLocation": "München, Germany",
    "eventCountdownMessage": "",
    "price": "",
    "ticketsLeftForEventMessage": null
  },
  {
    "eventId": 152073940,
    "eventName": "TSV 1860 München vs Borussia Dortmund II",
    "url": "/Sports-Tickets/Soccer/More-Soccer/3-Bundesliga/TSV-1860-Muenchen-Tickets/E-152073940",
    "dayOfWeek": "Sat",
    "formattedDateWithoutYear": "May 04",
    "venueId": 8468,
    "venueName": "Städtische Stadion an der Grünwalder Straße",
    "formattedVenueLocation": "München, Germany",
    "eventCountdownMessage": "",
    "price": "",
    "ticketsLeftForEventMessage": null
  },
  {
    "eventId": 151700945,
    "eventName": "Nina Chuba - Glas Tour 2024",
    "url": "/Theater-Tickets/Theater/Nina-Chuba-Tickets/E-151700945",
    "dayOfWeek": "Tue",
    "formattedDateWithoutYear": "May 07",
    "venueId": 733,
    "venueName": "Zenith München",
    "formattedVenueLocation": "Munich, Germany",
    "eventCountdownMessage": "",
    "price": "",
    "ticketsLeftForEventMessage": null
  },
  {
    "eventId": 152233137,
    "eventName": "Brettl-Spitzen - Live 2024",
    "url": "/Concert-Tickets/Other-Concerts/Brettl-Spitzen-Tickets/E-152233137",
    "dayOfWeek": "Thu",
    "formattedDateWithoutYear": "May 16",
    "venueId": 150051184,
    "venueName": "Festwiese Allach",
    "formattedVenueLocation": "München, Germany",
    "eventCountdownMessage": "",
    "price": "",
    "ticketsLeftForEventMessage": null
  },
  {
    "eventId": 151235950,
    "eventName": "Howard Carpendale - Live - Das ist mein Leben! - Die Tournee 2024",
    "url": "/Concert-Tickets/Pop-Rock/Contemporary-Pop-Rock/Howard-Carpendale-Tickets/E-151235950",
    "dayOfWeek": "Sat",
    "formattedDateWithoutYear": "May 18",
    "venueId": 621,
    "venueName": "Olympiahalle München",
    "formattedVenueLocation": "München, Germany",
    "eventCountdownMessage": "",
    "price": "",
    "ticketsLeftForEventMessage": null
  },
  {
    "eventId": 152584219,
    "eventName": "Thirty Seconds To Mars",
    "url": "/Concert-Tickets/Pop-Music/30-Seconds-to-Mars-Tickets/E-152584219",
    "dayOfWeek": "Sun",
    "formattedDateWithoutYear": "May 19",
    "venueId": 621,
    "venueName": "Olympiahalle München",
    "formattedVenueLocation": "München, Germany",
    "eventCountdownMessage": "",
    "price": "",
    "ticketsLeftForEventMessage": null
  },
  {
    "eventId": 152323453,
    "eventName": "Apache 207",
    "url": "/Concert-Tickets/Rap-and-Hip-Hop-Music/Apache-207-Tickets/E-152323453",
    "dayOfWeek": "Tue",
    "formattedDateWithoutYear": "May 21",
    "venueId": 621,
    "venueName": "Olympiahalle München",
    "formattedVenueLocation": "München, Germany",
    "eventCountdownMessage": "",
    "price": "",
    "ticketsLeftForEventMessage": null
  },
  {
    "eventId": 151390152,
    "eventName": "Metallica - 1 Day Ticket - Friday",
    "url": "/Concert-Tickets/Hard-Rock-and-Metal-Music/Metallica-Tickets/E-151390152",
    "dayOfWeek": "Fri",
    "formattedDateWithoutYear": "May 24",
    "venueId": 625,
    "venueName": "Olympiastadion München",
    "formattedVenueLocation": "Munich, Germany",
    "eventCountdownMessage": "",
    "price": "",
    "ticketsLeftForEventMessage": null
  },
  {
    "eventId": 151256376,
    "eventName": "Metallica - 2 Days",
    "url": "/Concert-Tickets/Hard-Rock-and-Metal-Music/Metallica-Tickets/E-151256376",
    "dayOfWeek": "Fri",
    "formattedDateWithoutYear": "May 24",
    "venueId": 625,
    "venueName": "Olympiastadion München",
    "formattedVenueLocation": "Munich, Germany",
    "eventCountdownMessage": "",
    "price": "",
    "ticketsLeftForEventMessage": null
  },
  {
    "eventId": 152370083,
    "eventName": "Joe Hisaishi - Musik der Studio Ghibli Filme von Hayao Miyazaki",
    "url": "/Theater-Tickets/Classical/Joe-Hisaishi-Tickets/E-152370083",
    "dayOfWeek": "Sat",
    "formattedDateWithoutYear": "May 25",
    "venueId": 621,
    "venueName": "Olympiahalle München",
    "formattedVenueLocation": "München, Germany",
    "eventCountdownMessage": "",
    "price": "",
    "ticketsLeftForEventMessage": null
  },
  {
    "eventId": 151381778,
    "eventName": "Metallica - 1 Day Ticket - Sunday",
    "url": "/Concert-Tickets/Hard-Rock-and-Metal-Music/Metallica-Tickets/E-151381778",
    "dayOfWeek": "Sun",
    "formattedDateWithoutYear": "May 26",
    "venueId": 625,
    "venueName": "Olympiastadion München",
    "formattedVenueLocation": "Munich, Germany",
    "eventCountdownMessage": "",
    "price": "",
    "ticketsLeftForEventMessage": null
  },
  {
    "eventId": 152316900,
    "eventName": "Olivia Rodrigo",
    "url": "/Concert-Tickets/Rock-and-Pop/Olivia-Rodrigo-Tickets/E-152316900",
    "dayOfWeek": "Fri",
    "formattedDateWithoutYear": "Jun 07",
    "venueId": 621,
    "venueName": "Olympiahalle München",
    "formattedVenueLocation": "München, Germany",
    "eventCountdownMessage": "",
    "price": "",
    "ticketsLeftForEventMessage": null
  },
  {
    "eventId": 152654122,
    "eventName": "Nickelback",
    "url": "/Concert-Tickets/Hard-Rock-and-Metal-Music/Nickelback-Tickets/E-152654122",
    "dayOfWeek": "Sat",
    "formattedDateWithoutYear": "Jun 08",
    "venueId": 621,
    "venueName": "Olympiahalle München",
    "formattedVenueLocation": "München, Germany",
    "eventCountdownMessage": "",
    "price": "",
    "ticketsLeftForEventMessage": null
  },
  {
    "eventId": 153321850,
    "eventName": "Fan Fest Euro 2024: Ed Sheeran , Nelly Furtado , Mark Forster and Dylan",
    "url": "/Festival-Tickets/International-Festivals/Fan-Fest-Euro-Tickets/E-153321850",
    "dayOfWeek": "Wed",
    "formattedDateWithoutYear": "Jun 12",
    "venueId": 11943,
    "venueName": "Theresienwiese",
    "formattedVenueLocation": "München, Germany",
    "eventCountdownMessage": "",
    "price": "",
    "ticketsLeftForEventMessage": null
  },
  {
    "eventId": 152658220,
    "eventName": "Ehrlich Brothers",
    "url": "/Theater-Tickets/Shows/Ehrlich-Brothers-Tickets/E-152658220",
    "dayOfWeek": "Fri",
    "formattedDateWithoutYear": "Jun 14",
    "venueId": 621,
    "venueName": "Olympiahalle München",
    "formattedVenueLocation": "München, Germany",
    "eventCountdownMessage": "",
    "price": "",
    "ticketsLeftForEventMessage": null
  },
  {
    "eventId": 152675720,
    "eventName": "Troye Sivan",
    "url": "/Concert-Tickets/Rock-and-Pop/Troye-Sivan-Tickets/E-152675720",
    "dayOfWeek": "Fri",
    "formattedDateWithoutYear": "Jun 14",
    "venueId": 733,
    "venueName": "Zenith München",
    "formattedVenueLocation": "Munich, Germany",
    "eventCountdownMessage": "",
    "price": "",
    "ticketsLeftForEventMessage": null
  },
  {
    "eventId": 151799572,
    "eventName": "Andreas Gabalier",
    "url": "/Concert-Tickets/Folk/Contemporary-Folk/Andreas-Gabalier-Tickets/E-151799572",
    "dayOfWeek": "Sat",
    "formattedDateWithoutYear": "Jun 22",
    "venueId": 625,
    "venueName": "Olympiastadion München",
    "formattedVenueLocation": "Munich, Germany",
    "eventCountdownMessage": "",
    "price": "",
    "ticketsLeftForEventMessage": null
  },
  {
    "eventId": 152559266,
    "eventName": "Toto - Tollwood 2024",
    "url": "/Concert-Tickets/Pop-Music/Toto-Tickets/E-152559266",
    "dayOfWeek": "Mon",
    "formattedDateWithoutYear": "Jun 24",
    "venueId": 10441,
    "venueName": "Tollwood Sommerfestival",
    "formattedVenueLocation": "Munich, Germany",
    "eventCountdownMessage": "",
    "price": "",
    "ticketsLeftForEventMessage": null
  },
  {
    "eventId": 152644422,
    "eventName": "Sarah Connor - My favorite Songs | Tollwood 2024",
    "url": "/Concert-Tickets/Rock-and-Pop/Sarah-Connor-Tickets/E-152644422",
    "dayOfWeek": "Tue",
    "formattedDateWithoutYear": "Jun 25",
    "venueId": 10441,
    "venueName": "Tollwood Sommerfestival",
    "formattedVenueLocation": "Munich, Germany",
    "eventCountdownMessage": "",
    "price": "",
    "ticketsLeftForEventMessage": null
  },
  {
    "eventId": 152288338,
    "eventName": "Rod Stewart",
    "url": "/Concert-Tickets/Rock-and-Pop/Rod-Stewart-Tickets/E-152288338",
    "dayOfWeek": "Fri",
    "formattedDateWithoutYear": "Jun 28",
    "venueId": 621,
    "venueName": "Olympiahalle München",
    "formattedVenueLocation": "München, Germany",
    "eventCountdownMessage": "",
    "price": "",
    "ticketsLeftForEventMessage": null
  },
  {
    "eventId": 152076694,
    "eventName": "Roland Kaiser",
    "url": "/Concert-Tickets/Other-Concerts/Volksmusik/Roland-Kaiser-Tickets/E-152076694",
    "dayOfWeek": "Sat",
    "formattedDateWithoutYear": "Jun 29",
    "venueId": 6124,
    "venueName": "Königsplatz München",
    "formattedVenueLocation": "München, Germany",
    "eventCountdownMessage": "",
    "price": "",
    "ticketsLeftForEventMessage": null
  },
  {
    "eventId": 152888181,
    "eventName": "The Hooters",
    "url": "/Concert-Tickets/Rock-and-Pop/The-Hooters-Tickets/E-152888181",
    "dayOfWeek": "Sun",
    "formattedDateWithoutYear": "Jun 30",
    "venueId": 605,
    "venueName": "Muffathalle",
    "formattedVenueLocation": "München, Germany",
    "eventCountdownMessage": "",
    "price": "",
    "ticketsLeftForEventMessage": null
  },
  {
    "eventId": 152462493,
    "eventName": "Montez - Sommer Open Airs 2024",
    "url": "/Concert-Tickets/Rap-and-Hip-Hop-Music/Montez-Tickets/E-152462493",
    "dayOfWeek": "Wed",
    "formattedDateWithoutYear": "Jul 10",
    "venueId": 10441,
    "venueName": "Tollwood Sommerfestival",
    "formattedVenueLocation": "Munich, Germany",
    "eventCountdownMessage": "",
    "price": "",
    "ticketsLeftForEventMessage": null
  },
  {
    "eventId": 152006535,
    "eventName": "Tollwood 2024: Schmidbauer & Kälberer: Schmidbauers: 15 Jahre – Jubiläum",
    "url": "/Concert-Tickets/Rock-and-Pop/Schmidbauer+Kaelberer-Tickets/E-152006535",
    "dayOfWeek": "Fri",
    "formattedDateWithoutYear": "Jul 12",
    "venueId": 10441,
    "venueName": "Tollwood Sommerfestival",
    "formattedVenueLocation": "Munich, Germany",
    "eventCountdownMessage": "",
    "price": "",
    "ticketsLeftForEventMessage": null
  },
  {
    "eventId": 152629314,
    "eventName": "Klassik am Odeonsplatz 2024 - Symphonieorchester BR",
    "url": "/Theater-Tickets/Classical/Klassik-am-Odeonsplatz-Tickets/E-152629314",
    "dayOfWeek": "Fri",
    "formattedDateWithoutYear": "Jul 12",
    "venueId": 9274,
    "venueName": "Odeonsplatz Feldherrnhalle",
    "formattedVenueLocation": "München, Germany",
    "eventCountdownMessage": "",
    "price": "",
    "ticketsLeftForEventMessage": null
  },
  {
    "eventId": 153199640,
    "eventName": "Joss Stone",
    "url": "/Concert-Tickets/Jazz-Music/Joss-Stone-Tickets/E-153199640",
    "dayOfWeek": "Tue",
    "formattedDateWithoutYear": "Jul 16",
    "venueId": 95800,
    "venueName": "Isarphilharmonie at Gasteig HP8 - Complex",
    "formattedVenueLocation": "München, Germany",
    "eventCountdownMessage": "",
    "price": "",
    "ticketsLeftForEventMessage": null
  },
  {
    "eventId": 152469992,
    "eventName": "Spider Murphy Gang - Rock´n´Roll live",
    "url": "/Concert-Tickets/Rock-and-Pop/Spider-Murphy-Gang-Tickets/E-152469992",
    "dayOfWeek": "Thu",
    "formattedDateWithoutYear": "Jul 25",
    "venueId": 11190,
    "venueName": "Seewiese Schliersee",
    "formattedVenueLocation": "Schliersee, Germany",
    "eventCountdownMessage": "",
    "price": "",
    "ticketsLeftForEventMessage": null
  },
  {
    "eventId": 153129923,
    "eventName": "Justin Timberlake",
    "url": "/Concert-Tickets/Rock-and-Pop/Justin-Timberlake-Tickets/E-153129923",
    "dayOfWeek": "Wed",
    "formattedDateWithoutYear": "Aug 21",
    "venueId": 621,
    "venueName": "Olympiahalle München",
    "formattedVenueLocation": "München, Germany",
    "eventCountdownMessage": "",
    "price": "",
    "ticketsLeftForEventMessage": null
  },
  {
    "eventId": 153162146,
    "eventName": "Justin Timberlake",
    "url": "/Concert-Tickets/Rock-and-Pop/Justin-Timberlake-Tickets/E-153162146",
    "dayOfWeek": "Thu",
    "formattedDateWithoutYear": "Aug 22",
    "venueId": 621,
    "venueName": "Olympiahalle München",
    "formattedVenueLocation": "München, Germany",
    "eventCountdownMessage": "",
    "price": "",
    "ticketsLeftForEventMessage": null
  },
  {
    "eventId": 153026226,
    "eventName": "Adele",
    "url": "/Concert-Tickets/Alternative-Music/Adele-Tickets/E-153026226",
    "dayOfWeek": "Fri",
    "formattedDateWithoutYear": "Aug 30",
    "venueId": 26852,
    "venueName": "Open Air Arena - Messe München - Complex",
    "formattedVenueLocation": "München, Germany",
    "eventCountdownMessage": "",
    "price": "",
    "ticketsLeftForEventMessage": null
  },
  {
    "eventId": 152493294,
    "eventName": "Marius Müller-Westernhagen",
    "url": "/Concert-Tickets/Rock-and-Pop/Marius-Mueller-Westernhagen-Tickets/E-152493294",
    "dayOfWeek": "Tue",
    "formattedDateWithoutYear": "Sep 03",
    "venueId": 1208,
    "venueName": "Circus Krone",
    "formattedVenueLocation": "München, Germany",
    "eventCountdownMessage": "",
    "price": "",
    "ticketsLeftForEventMessage": null
  },
  {
    "eventId": 152266091,
    "eventName": "Carolin Kebekus",
    "url": "/Theater-Tickets/Comedy/Carolin-Kebekus-Tickets/E-152266091",
    "dayOfWeek": "Fri",
    "formattedDateWithoutYear": "Sep 06",
    "venueId": 1208,
    "venueName": "Circus Krone",
    "formattedVenueLocation": "München, Germany",
    "eventCountdownMessage": "",
    "price": "",
    "ticketsLeftForEventMessage": null
  },
  {
    "eventId": 152754681,
    "eventName": "Peter Fox",
    "url": "/Concert-Tickets/Rap-and-Hip-Hop-Music/Peter-Fox-Tickets/E-152754681",
    "dayOfWeek": "Fri",
    "formattedDateWithoutYear": "Sep 13",
    "venueId": 621,
    "venueName": "Olympiahalle München",
    "formattedVenueLocation": "München, Germany",
    "eventCountdownMessage": "",
    "price": "",
    "ticketsLeftForEventMessage": null
  },
  {
    "eventId": 153295495,
    "eventName": "GReeeN - Glückskind Tour 2024",
    "url": "/Concert-Tickets/Rap-and-Hip-Hop-Music/GReeeN-Tickets/E-153295495",
    "dayOfWeek": "Fri",
    "formattedDateWithoutYear": "Sep 13",
    "venueId": 605,
    "venueName": "Muffathalle",
    "formattedVenueLocation": "München, Germany",
    "eventCountdownMessage": "",
    "price": "",
    "ticketsLeftForEventMessage": null
  },
  {
    "eventId": 152890012,
    "eventName": "Peter Fox",
    "url": "/Concert-Tickets/Rap-and-Hip-Hop-Music/Peter-Fox-Tickets/E-152890012",
    "dayOfWeek": "Tue",
    "formattedDateWithoutYear": "Sep 17",
    "venueId": 621,
    "venueName": "Olympiahalle München",
    "formattedVenueLocation": "München, Germany",
    "eventCountdownMessage": "",
    "price": "",
    "ticketsLeftForEventMessage": null
  },
  {
    "eventId": 152107426,
    "eventName": "Jonas Brothers",
    "url": "/Concert-Tickets/Rock-and-Pop/Jonas-Brothers-Tickets/E-152107426",
    "dayOfWeek": "Fri",
    "formattedDateWithoutYear": "Sep 20",
    "venueId": 621,
    "venueName": "Olympiahalle München",
    "formattedVenueLocation": "München, Germany",
    "eventCountdownMessage": "",
    "price": "",
    "ticketsLeftForEventMessage": null
  },
  {
    "eventId": 153385586,
    "eventName": "SCOTT BRADLEE'S POSTMODERN JUKEBOX",
    "url": "/Concert-Tickets/Rock-and-Pop/Scott-Bradlee-Tickets/E-153385586",
    "dayOfWeek": "Sat",
    "formattedDateWithoutYear": "Sep 21",
    "venueId": 1208,
    "venueName": "Circus Krone",
    "formattedVenueLocation": "München, Germany",
    "eventCountdownMessage": "",
    "price": "",
    "ticketsLeftForEventMessage": null
  },
  {
    "eventId": 152252421,
    "eventName": "Dieter Nuhr - Nuhr auf Tour",
    "url": "/Theater-Tickets/Comedy/Dieter-Nuhr-Tickets/E-152252421",
    "dayOfWeek": "Fri",
    "formattedDateWithoutYear": "Sep 27",
    "venueId": 1208,
    "venueName": "Circus Krone",
    "formattedVenueLocation": "München, Germany",
    "eventCountdownMessage": "",
    "price": "",
    "ticketsLeftForEventMessage": null
  },
  {
    "eventId": 152873153,
    "eventName": "Ski Aggu - Die letzte Tour",
    "url": "/Concert-Tickets/Rap-and-Hip-Hop-Music/Ski-Aggu-Tickets/E-152873153",
    "dayOfWeek": "Tue",
    "formattedDateWithoutYear": "Oct 08",
    "venueId": 733,
    "venueName": "Zenith München",
    "formattedVenueLocation": "Munich, Germany",
    "eventCountdownMessage": "",
    "price": "",
    "ticketsLeftForEventMessage": null
  },
  {
    "eventId": 152390598,
    "eventName": "makko - Lieb mich oder lass es Tour 2024",
    "url": "/Concert-Tickets/Rap-and-Hip-Hop-Music/Makko-Tickets/E-152390598",
    "dayOfWeek": "Thu",
    "formattedDateWithoutYear": "Oct 10",
    "venueId": 733,
    "venueName": "Zenith München",
    "formattedVenueLocation": "Munich, Germany",
    "eventCountdownMessage": "",
    "price": "",
    "ticketsLeftForEventMessage": null
  },
  {
    "eventId": 152622499,
    "eventName": "ARCH ENEMY & IN FLAMES",
    "url": "/Concert-Tickets/Hard-Rock-and-Metal-Music/Arch-Enemy-Tickets/E-152622499",
    "dayOfWeek": "Sun",
    "formattedDateWithoutYear": "Oct 20",
    "venueId": 733,
    "venueName": "Zenith München",
    "formattedVenueLocation": "Munich, Germany",
    "eventCountdownMessage": "",
    "price": "",
    "ticketsLeftForEventMessage": null
  },
  {
    "eventId": 152409009,
    "eventName": "Timon Krause - Messias - Live 2024",
    "url": "/Theater-Tickets/Shows/Timon-Krause-Tickets/E-152409009",
    "dayOfWeek": "Mon",
    "formattedDateWithoutYear": "Oct 21",
    "venueId": 1208,
    "venueName": "Circus Krone",
    "formattedVenueLocation": "München, Germany",
    "eventCountdownMessage": "",
    "price": "",
    "ticketsLeftForEventMessage": null
  },
  {
    "eventId": 153279512,
    "eventName": "DEEP PURPLE",
    "url": "/Concert-Tickets/Rock-and-Pop/Deep-Purple-Tickets/E-153279512",
    "dayOfWeek": "Wed",
    "formattedDateWithoutYear": "Oct 23",
    "venueId": 621,
    "venueName": "Olympiahalle München",
    "formattedVenueLocation": "München, Germany",
    "eventCountdownMessage": "",
    "price": "",
    "ticketsLeftForEventMessage": null
  },
  {
    "eventId": 153025964,
    "eventName": "Jonas Kaufmann & Valerie Sepe",
    "url": "/Theater-Tickets/Classical/Jonas-Kaufmann-Tickets/E-153025964",
    "dayOfWeek": "Sat",
    "formattedDateWithoutYear": "Nov 02",
    "venueId": 95800,
    "venueName": "Isarphilharmonie at Gasteig HP8 - Complex",
    "formattedVenueLocation": "München, Germany",
    "eventCountdownMessage": "",
    "price": "",
    "ticketsLeftForEventMessage": null
  },
  {
    "eventId": 152594223,
    "eventName": "Let's Dance 2024",
    "url": "/Theater-Tickets/Dance-Ballet/Lets-Dance-Tickets/E-152594223",
    "dayOfWeek": "Sat",
    "formattedDateWithoutYear": "Nov 02",
    "venueId": 621,
    "venueName": "Olympiahalle München",
    "formattedVenueLocation": "München, Germany",
    "eventCountdownMessage": "",
    "price": "",
    "ticketsLeftForEventMessage": null
  },
  {
    "eventId": 152594239,
    "eventName": "Let's Dance 2024",
    "url": "/Theater-Tickets/Dance-Ballet/Lets-Dance-Tickets/E-152594239",
    "dayOfWeek": "Sun",
    "formattedDateWithoutYear": "Nov 03",
    "venueId": 621,
    "venueName": "Olympiahalle München",
    "formattedVenueLocation": "München, Germany",
    "eventCountdownMessage": "",
    "price": "",
    "ticketsLeftForEventMessage": null
  },
  {
    "eventId": 153271552,
    "eventName": "Bryan Adams",
    "url": "/Concert-Tickets/Rock-and-Pop/Bryan-Adams-Tickets/E-153271552",
    "dayOfWeek": "Mon",
    "formattedDateWithoutYear": "Nov 04",
    "venueId": 621,
    "venueName": "Olympiahalle München",
    "formattedVenueLocation": "München, Germany",
    "eventCountdownMessage": "",
    "price": "",
    "ticketsLeftForEventMessage": null
  },
  {
    "eventId": 152488063,
    "eventName": "The World of Hans Zimmer",
    "url": "/Concert-Tickets/Other-Concerts/The-World-of-Hans-Zimmer-Tickets/E-152488063",
    "dayOfWeek": "Tue",
    "formattedDateWithoutYear": "Nov 05",
    "venueId": 621,
    "venueName": "Olympiahalle München",
    "formattedVenueLocation": "München, Germany",
    "eventCountdownMessage": "",
    "price": "",
    "ticketsLeftForEventMessage": null
  },
  {
    "eventId": 153452257,
    "eventName": "Wolfgang Ambros - 2. Zusatzkonzert",
    "url": "/Concert-Tickets/Rock-and-Pop/Wolfgang-Ambros-Tickets/E-153452257",
    "dayOfWeek": "Fri",
    "formattedDateWithoutYear": "Nov 08",
    "venueId": 8556,
    "venueName": "Stadthalle Erding",
    "formattedVenueLocation": "Erding, Germany",
    "eventCountdownMessage": "",
    "price": "",
    "ticketsLeftForEventMessage": null
  },
  {
    "eventId": 152646420,
    "eventName": "Jacob Collier",
    "url": "/Concert-Tickets/Pop-Music/Jacob-Collier-Tickets/E-152646420",
    "dayOfWeek": "Sat",
    "formattedDateWithoutYear": "Nov 09",
    "venueId": 733,
    "venueName": "Zenith München",
    "formattedVenueLocation": "Munich, Germany",
    "eventCountdownMessage": "",
    "price": "",
    "ticketsLeftForEventMessage": null
  },
  {
    "eventId": 152743099,
    "eventName": "Ralf Schmitz",
    "url": "/Theater-Tickets/Comedy/Ralf-Schmitz-Tickets/E-152743099",
    "dayOfWeek": "Sat",
    "formattedDateWithoutYear": "Nov 16",
    "venueId": 1208,
    "venueName": "Circus Krone",
    "formattedVenueLocation": "München, Germany",
    "eventCountdownMessage": "",
    "price": "",
    "ticketsLeftForEventMessage": null
  },
  {
    "eventId": 153196880,
    "eventName": "Ludovico Einaudi",
    "url": "/Theater-Tickets/Classical/Ludovico-Einaudi-Tickets/E-153196880",
    "dayOfWeek": "Fri",
    "formattedDateWithoutYear": "Nov 22",
    "venueId": 95800,
    "venueName": "Isarphilharmonie at Gasteig HP8 - Complex",
    "formattedVenueLocation": "München, Germany",
    "eventCountdownMessage": "",
    "price": "",
    "ticketsLeftForEventMessage": null
  },
  {
    "eventId": 152624472,
    "eventName": "Fat Freddys Drop",
    "url": "/Concert-Tickets/Dance-and-Electronic-Music/Fat-Freddys-Drop-Tickets/E-152624472",
    "dayOfWeek": "Mon",
    "formattedDateWithoutYear": "Nov 25",
    "venueId": 733,
    "venueName": "Zenith München",
    "formattedVenueLocation": "Munich, Germany",
    "eventCountdownMessage": "",
    "price": "",
    "ticketsLeftForEventMessage": null
  },
  {
    "eventId": 153429064,
    "eventName": "Dayseeker",
    "url": "/Concert-Tickets/Rock-and-Pop/Dayseeker-Tickets/E-153429064",
    "dayOfWeek": "Thu",
    "formattedDateWithoutYear": "Nov 28",
    "venueId": 7560,
    "venueName": "Backstage Halle",
    "formattedVenueLocation": "München, Germany",
    "eventCountdownMessage": "",
    "price": "",
    "ticketsLeftForEventMessage": null
  },
  {
    "eventId": 152848218,
    "eventName": "Gianna Nannini",
    "url": "/Concert-Tickets/Pop-Rock/Italian-Pop/Gianna-Nannini-Tickets/E-152848218",
    "dayOfWeek": "Thu",
    "formattedDateWithoutYear": "Nov 28",
    "venueId": 621,
    "venueName": "Olympiahalle München",
    "formattedVenueLocation": "München, Germany",
    "eventCountdownMessage": "",
    "price": "",
    "ticketsLeftForEventMessage": null
  },
  {
    "eventId": 152689521,
    "eventName": "HBz - Family Tour 2024",
    "url": "/Concert-Tickets/Dance-and-Electronic-Music/HBz-Tickets/E-152689521",
    "dayOfWeek": "Sat",
    "formattedDateWithoutYear": "Nov 30",
    "venueId": 733,
    "venueName": "Zenith München",
    "formattedVenueLocation": "Munich, Germany",
    "eventCountdownMessage": "",
    "price": "",
    "ticketsLeftForEventMessage": null
  },
  {
    "eventId": 152500856,
    "eventName": "Deichkind",
    "url": "/Concert-Tickets/Rap-and-Hip-Hop-Music/Deichkind-Tickets/E-152500856",
    "dayOfWeek": "Tue",
    "formattedDateWithoutYear": "Dec 03",
    "venueId": 621,
    "venueName": "Olympiahalle München",
    "formattedVenueLocation": "München, Germany",
    "eventCountdownMessage": "",
    "price": "",
    "ticketsLeftForEventMessage": null
  },
  {
    "eventId": 152778923,
    "eventName": "Night of the Proms 2024",
    "url": "/Theater-Tickets/Classical/Night-of-the-Proms-Tickets/E-152778923",
    "dayOfWeek": "Sun",
    "formattedDateWithoutYear": "Dec 08",
    "venueId": 621,
    "venueName": "Olympiahalle München",
    "formattedVenueLocation": "München, Germany",
    "eventCountdownMessage": "",
    "price": "",
    "ticketsLeftForEventMessage": null
  },
  {
    "eventId": 152370532,
    "eventName": "RIVERDANCE",
    "url": "/Theater-Tickets/Theater/Riverdance/E-152370532",
    "dayOfWeek": "Fri",
    "formattedDateWithoutYear": "Dec 13",
    "venueId": 621,
    "venueName": "Olympiahalle München",
    "formattedVenueLocation": "München, Germany",
    "eventCountdownMessage": "",
    "price": "",
    "ticketsLeftForEventMessage": null
  },
  {
    "eventId": 152853600,
    "eventName": "Tream",
    "url": "/Concert-Tickets/Rap-and-Hip-Hop-Music/Tream-Tickets/E-152853600",
    "dayOfWeek": "Sat",
    "formattedDateWithoutYear": "Dec 14",
    "venueId": 621,
    "venueName": "Olympiahalle München",
    "formattedVenueLocation": "München, Germany",
    "eventCountdownMessage": "",
    "price": "",
    "ticketsLeftForEventMessage": null
  },
  {
    "eventId": 152488198,
    "eventName": "Die Fantastischen Vier",
    "url": "/Concert-Tickets/Rap-and-Hip-Hop-Music/Die-Fantastischen-Vier-Tickets/E-152488198",
    "dayOfWeek": "Sun",
    "formattedDateWithoutYear": "Dec 15",
    "venueId": 621,
    "venueName": "Olympiahalle München",
    "formattedVenueLocation": "München, Germany",
    "eventCountdownMessage": "",
    "price": "",
    "ticketsLeftForEventMessage": null
  },
  {
    "eventId": 152521772,
    "eventName": "Die Fantastischen Vier",
    "url": "/Concert-Tickets/Rap-and-Hip-Hop-Music/Die-Fantastischen-Vier-Tickets/E-152521772",
    "dayOfWeek": "Sun",
    "formattedDateWithoutYear": "Dec 15",
    "venueId": 621,
    "venueName": "Olympiahalle München",
    "formattedVenueLocation": "München, Germany",
    "eventCountdownMessage": "",
    "price": "",
    "ticketsLeftForEventMessage": null
  },
  {
    "eventId": 153324473,
    "eventName": "Wincent Weiss",
    "url": "/Concert-Tickets/Rock-and-Pop/Wincent-Weiss-Tickets/E-153324473",
    "dayOfWeek": "Tue",
    "formattedDateWithoutYear": "Mar 18",
    "venueId": 621,
    "venueName": "Olympiahalle München",
    "formattedVenueLocation": "München, Germany",
    "eventCountdownMessage": "",
    "price": "",
    "ticketsLeftForEventMessage": null
  },
  {
    "eventId": 153332494,
    "eventName": "Twenty One Pilots",
    "url": "/Concert-Tickets/Rock-and-Pop/Twenty-One-Pilots-Tickets/E-153332494",
    "dayOfWeek": "Sun",
    "formattedDateWithoutYear": "Apr 27",
    "venueId": 621,
    "venueName": "Olympiahalle München",
    "formattedVenueLocation": "München, Germany",
    "eventCountdownMessage": "",
    "price": "",
    "ticketsLeftForEventMessage": null
  },
  {
    "eventId": 152692806,
    "eventName": "Teddy Show",
    "url": "/Theater-Tickets/Comedy/Die-Teddy-Show-Tickets/E-152692806",
    "dayOfWeek": "Fri",
    "formattedDateWithoutYear": "Jun 20",
    "venueId": 621,
    "venueName": "Olympiahalle München",
    "formattedVenueLocation": "München, Germany",
    "eventCountdownMessage": "",
    "price": "",
    "ticketsLeftForEventMessage": null
  },
  {
    "eventId": 152709641,
    "eventName": "Teddy Show",
    "url": "/Theater-Tickets/Comedy/Die-Teddy-Show-Tickets/E-152709641",
    "dayOfWeek": "Sat",
    "formattedDateWithoutYear": "Jun 21",
    "venueId": 621,
    "venueName": "Olympiahalle München",
    "formattedVenueLocation": "München, Germany",
    "eventCountdownMessage": "",
    "price": "",
    "ticketsLeftForEventMessage": null
  },
  {
    "eventId": 153182998,
    "eventName": "Kontra K",
    "url": "/Concert-Tickets/Rap-and-Hip-Hop-Music/Kontra-K-Tickets/E-153182998",
    "dayOfWeek": "Tue",
    "formattedDateWithoutYear": "Nov 18",
    "venueId": 621,
    "venueName": "Olympiahalle München",
    "formattedVenueLocation": "München, Germany",
    "eventCountdownMessage": "",
    "price": "",
    "ticketsLeftForEventMessage": null
  },
  {
    "eventId": 151804296,
    "eventName": "Romania vs Ukraine - European Championship 2024",
    "url": "/Sports-Tickets/Football/National-Soccer-Team/Romania-National-Soccer-Team-Tickets/E-151804296",
    "dayOfWeek": "Mon",
    "formattedDateWithoutYear": "Jun 17",
    "venueId": 18,
    "venueName": "Allianz Arena",
    "formattedVenueLocation": "Munich, Germany",
    "eventCountdownMessage": "",
    "price": "",
    "ticketsLeftForEventMessage": null
  },
  {
    "eventId": 151804300,
    "eventName": "Slovenia vs Serbia - European Championship 2024",
    "url": "/Sports-Tickets/Soccer/European-Championship-2024-Tickets/E-151804300",
    "dayOfWeek": "Thu",
    "formattedDateWithoutYear": "Jun 20",
    "venueId": 18,
    "venueName": "Allianz Arena",
    "formattedVenueLocation": "Munich, Germany",
    "eventCountdownMessage": "",
    "price": "",
    "ticketsLeftForEventMessage": null
  },
  {
    "eventId": 151804313,
    "eventName": "Denmark vs Serbia - European Championship 2024",
    "url": "/Sports-Tickets/Soccer/European-Championship-2024-Tickets/E-151804313",
    "dayOfWeek": "Tue",
    "formattedDateWithoutYear": "Jun 25",
    "venueId": 18,
    "venueName": "Allianz Arena",
    "formattedVenueLocation": "Munich, Germany",
    "eventCountdownMessage": "",
    "price": "",
    "ticketsLeftForEventMessage": null
  },
  {
    "eventId": 151804320,
    "eventName": "1E vs 3A/B/C/D- Round of 16 - European Championship 2024",
    "url": "/Sports-Tickets/Soccer/European-Championship-2024-Tickets/E-151804320",
    "dayOfWeek": "Tue",
    "formattedDateWithoutYear": "Jul 02",
    "venueId": 18,
    "venueName": "Allianz Arena",
    "formattedVenueLocation": "Munich, Germany",
    "eventCountdownMessage": "",
    "price": "",
    "ticketsLeftForEventMessage": null
  },
  {
    "eventId": 151804325,
    "eventName": "W45 vs W46 - Semi-Final - European Championship 2024",
    "url": "/Sports-Tickets/Soccer/European-Championship-2024-Tickets/E-151804325",
    "dayOfWeek": "Tue",
    "formattedDateWithoutYear": "Jul 09",
    "venueId": 18,
    "venueName": "Allianz Arena",
    "formattedVenueLocation": "Munich, Germany",
    "eventCountdownMessage": "",
    "price": "",
    "ticketsLeftForEventMessage": null
  }
]