{
  "venues": [
    {
      "categoryId": 1124,
      "imageUrl": "https://media.stubhubstatic.com/stubhub-v2-catalog/d_vgg-defaultLogo.jpg/q_auto:low,f_auto,c_fill,g_auto,w_280,h_170,dpr_2.0/categories/1124/6395751",
      "priceClass": 3,
      "eventId": 152002298,
      "name": "FC Bayern München vs Eintracht Frankfurt",
      "url": "/Sports-Tickets/Soccer/FC-Bayern-Munich-Tickets/E-152002298",
      "dayOfWeek": "Sat",
      "formattedTime": "3:30 PM",
      "formattedDateWithoutYear": "Apr 27",
      "isTbd": false,
      "isDateConfirmed": false,
      "isTimeConfirmed": false,
      "eventState": 0,
      "venueId": 18,
      "venueName": "Allianz Arena",
      "formattedVenueLocation": "Munich, Germany",
      "timeToEventTotalMilliseconds": 0,
      "hasActiveListings": false,
      "isFavorite": false,
      "aggregateFavorites": 0,
      "isParkingEvent": false,
      "priceTrendPercentage": 0,
      "isRefetchedGlobalEvent": false
    },
    {
      "categoryId": 1124,
      "imageUrl": "https://media.stubhubstatic.com/stubhub-v2-catalog/d_vgg-defaultLogo.jpg/q_auto:low,f_auto,c_fill,g_auto,w_280,h_170,dpr_2.0/categories/1124/6395751",
      "priceClass": 4,
      "eventId": 153445057,
      "name": "FC Bayern München vs Real Madrid CF - European Cup - Semi Finals",
      "url": "/Sports-Tickets/Soccer/FC-Bayern-Munich-Tickets/E-153445057",
      "dayOfWeek": "Tue",
      "formattedTime": "9:00 PM",
      "formattedDateWithoutYear": "Apr 30",
      "isTbd": false,
      "isDateConfirmed": false,
      "isTimeConfirmed": false,
      "eventState": 0,
      "venueId": 18,
      "venueName": "Allianz Arena",
      "formattedVenueLocation": "Munich, Germany",
      "timeToEventTotalMilliseconds": 0,
      "hasActiveListings": false,
      "isFavorite": false,
      "aggregateFavorites": 0,
      "isParkingEvent": false,
      "priceTrendPercentage": 0,
      "isRefetchedGlobalEvent": false
    },
    {
      "categoryId": 1124,
      "imageUrl": "https://media.stubhubstatic.com/stubhub-v2-catalog/d_vgg-defaultLogo.jpg/q_auto:low,f_auto,c_fill,g_auto,w_280,h_170,dpr_2.0/categories/1124/6395751",
      "priceClass": 2,
      "eventId": 152002364,
      "name": "FC Bayern München vs VfL Wolfsburg",
      "url": "/Sports-Tickets/Soccer/FC-Bayern-Munich-Tickets/E-152002364",
      "dayOfWeek": "Sun",
      "formattedTime": "5:30 PM",
      "formattedDateWithoutYear": "May 12",
      "isTbd": false,
      "isDateConfirmed": false,
      "isTimeConfirmed": false,
      "eventState": 0,
      "venueId": 18,
      "venueName": "Allianz Arena",
      "formattedVenueLocation": "Munich, Germany",
      "timeToEventTotalMilliseconds": 0,
      "hasActiveListings": false,
      "isFavorite": false,
      "aggregateFavorites": 0,
      "isParkingEvent": false,
      "priceTrendPercentage": 0,
      "isRefetchedGlobalEvent": false
    },
    {
      "categoryId": 12917,
      "imageUrl": "https://media.stubhubstatic.com/stubhub-v2-catalog/d_vgg-defaultLogo.jpg/q_auto:low,f_auto,c_fill,g_auto,w_280,h_170,dpr_2.0/categories/12917/6345602",
      "priceClass": 3,
      "eventId": 153065859,
      "name": "AC/DC",
      "url": "/Concert-Tickets/Hard-Rock-and-Metal-Music/AC-DC-Tickets/E-153065859",
      "dayOfWeek": "Sun",
      "formattedTime": "7:30 PM",
      "formattedDateWithoutYear": "Jun 09",
      "isTbd": false,
      "isDateConfirmed": false,
      "isTimeConfirmed": false,
      "eventState": 0,
      "venueId": 625,
      "venueName": "Olympiastadion München",
      "formattedVenueLocation": "Munich, Germany",
      "timeToEventTotalMilliseconds": 0,
      "hasActiveListings": false,
      "isFavorite": false,
      "aggregateFavorites": 0,
      "isParkingEvent": false,
      "priceTrendPercentage": 0,
      "isRefetchedGlobalEvent": false
    },
    {
      "categoryId": 12917,
      "imageUrl": "https://media.stubhubstatic.com/stubhub-v2-catalog/d_vgg-defaultLogo.jpg/q_auto:low,f_auto,c_fill,g_auto,w_280,h_170,dpr_2.0/categories/12917/6345602",
      "priceClass": 3,
      "eventId": 153065860,
      "name": "AC/DC",
      "url": "/Concert-Tickets/Hard-Rock-and-Metal-Music/AC-DC-Tickets/E-153065860",
      "dayOfWeek": "Wed",
      "formattedTime": "7:30 PM",
      "formattedDateWithoutYear": "Jun 12",
      "isTbd": false,
      "isDateConfirmed": false,
      "isTimeConfirmed": false,
      "eventState": 0,
      "venueId": 625,
      "venueName": "Olympiastadion München",
      "formattedVenueLocation": "Munich, Germany",
      "timeToEventTotalMilliseconds": 0,
      "hasActiveListings": false,
      "isFavorite": false,
      "aggregateFavorites": 0,
      "isParkingEvent": false,
      "priceTrendPercentage": 0,
      "isRefetchedGlobalEvent": false
    },
    {
      "categoryId": 149156,
      "imageUrl": "https://media.stubhubstatic.com/stubhub-v2-catalog/d_vgg-defaultLogo.jpg/q_auto:low,f_auto,c_fill,g_auto,w_280,h_170,dpr_2.0/categories/149156/6397434",
      "priceClass": 4,
      "eventId": 151804289,
      "name": "Germany vs Scotland - European Championship 2024",
      "url": "/Sports-Tickets/Soccer/European-Championship-2024-Tickets/E-151804289",
      "dayOfWeek": "Fri",
      "formattedTime": "9:00 PM",
      "formattedDateWithoutYear": "Jun 14",
      "isTbd": false,
      "isDateConfirmed": false,
      "isTimeConfirmed": false,
      "eventState": 0,
      "venueId": 18,
      "venueName": "Allianz Arena",
      "formattedVenueLocation": "Munich, Germany",
      "timeToEventTotalMilliseconds": 0,
      "hasActiveListings": false,
      "isFavorite": false,
      "aggregateFavorites": 0,
      "isParkingEvent": false,
      "priceTrendPercentage": 0,
      "isRefetchedGlobalEvent": false
    },
    {
      "categoryId": 11113,
      "imageUrl": "https://media.stubhubstatic.com/stubhub-v2-catalog/d_vgg-defaultLogo.jpg/q_auto:low,f_auto,c_fill,g_auto,w_280,h_170,dpr_2.0/categories/11113/6319889",
      "priceClass": 4,
      "eventId": 151949742,
      "name": "Taylor Swift",
      "url": "/Concert-Tickets/Country-and-Folk-Music/Taylor-Swift-Tickets/E-151949742",
      "dayOfWeek": "Sat",
      "formattedTime": "6:15 PM",
      "formattedDateWithoutYear": "Jul 27",
      "isTbd": false,
      "isDateConfirmed": false,
      "isTimeConfirmed": false,
      "eventState": 0,
      "venueId": 625,
      "venueName": "Olympiastadion München",
      "formattedVenueLocation": "Munich, Germany",
      "timeToEventTotalMilliseconds": 0,
      "hasActiveListings": false,
      "isFavorite": false,
      "aggregateFavorites": 0,
      "isParkingEvent": false,
      "priceTrendPercentage": 0,
      "isRefetchedGlobalEvent": false
    },
    {
      "categoryId": 11113,
      "imageUrl": "https://media.stubhubstatic.com/stubhub-v2-catalog/d_vgg-defaultLogo.jpg/q_auto:low,f_auto,c_fill,g_auto,w_280,h_170,dpr_2.0/categories/11113/6319889",
      "priceClass": 4,
      "eventId": 151973560,
      "name": "Taylor Swift",
      "url": "/Concert-Tickets/Country-and-Folk-Music/Taylor-Swift-Tickets/E-151973560",
      "dayOfWeek": "Sun",
      "formattedTime": "6:15 PM",
      "formattedDateWithoutYear": "Jul 28",
      "isTbd": false,
      "isDateConfirmed": false,
      "isTimeConfirmed": false,
      "eventState": 0,
      "venueId": 625,
      "venueName": "Olympiastadion München",
      "formattedVenueLocation": "Munich, Germany",
      "timeToEventTotalMilliseconds": 0,
      "hasActiveListings": false,
      "isFavorite": false,
      "aggregateFavorites": 0,
      "isParkingEvent": false,
      "priceTrendPercentage": 0,
      "isRefetchedGlobalEvent": false
    },
    {
      "categoryId": 10813,
      "imageUrl": "https://media.stubhubstatic.com/stubhub-v2-catalog/d_vgg-defaultLogo.jpg/q_auto:low,f_auto,c_fill,g_auto,w_280,h_170,dpr_2.0/categories/10813/6319778",
      "priceClass": 3,
      "eventId": 152995492,
      "name": "Adele",
      "url": "/Concert-Tickets/Alternative-Music/Adele-Tickets/E-152995492",
      "dayOfWeek": "Fri",
      "formattedTime": "7:30 PM",
      "formattedDateWithoutYear": "Aug 02",
      "isTbd": false,
      "isDateConfirmed": false,
      "isTimeConfirmed": false,
      "eventState": 0,
      "venueId": 26852,
      "venueName": "Open Air Arena - Messe München - Complex",
      "formattedVenueLocation": "München, Germany",
      "timeToEventTotalMilliseconds": 0,
      "hasActiveListings": false,
      "isFavorite": false,
      "aggregateFavorites": 0,
      "isParkingEvent": false,
      "priceTrendPercentage": 0,
      "isRefetchedGlobalEvent": false
    },
    {
      "categoryId": 10813,
      "imageUrl": "https://media.stubhubstatic.com/stubhub-v2-catalog/d_vgg-defaultLogo.jpg/q_auto:low,f_auto,c_fill,g_auto,w_280,h_170,dpr_2.0/categories/10813/6319778",
      "priceClass": 3,
      "eventId": 152995493,
      "name": "Adele",
      "url": "/Concert-Tickets/Alternative-Music/Adele-Tickets/E-152995493",
      "dayOfWeek": "Sat",
      "formattedTime": "7:30 PM",
      "formattedDateWithoutYear": "Aug 03",
      "isTbd": false,
      "isDateConfirmed": false,
      "isTimeConfirmed": false,
      "eventState": 0,
      "venueId": 26852,
      "venueName": "Open Air Arena - Messe München - Complex",
      "formattedVenueLocation": "München, Germany",
      "timeToEventTotalMilliseconds": 0,
      "hasActiveListings": false,
      "isFavorite": false,
      "aggregateFavorites": 0,
      "isParkingEvent": false,
      "priceTrendPercentage": 0,
      "isRefetchedGlobalEvent": false
    },
    {
      "categoryId": 10813,
      "imageUrl": "https://media.stubhubstatic.com/stubhub-v2-catalog/d_vgg-defaultLogo.jpg/q_auto:low,f_auto,c_fill,g_auto,w_280,h_170,dpr_2.0/categories/10813/6319778",
      "priceClass": 3,
      "eventId": 152995446,
      "name": "Adele",
      "url": "/Concert-Tickets/Alternative-Music/Adele-Tickets/E-152995446",
      "dayOfWeek": "Fri",
      "formattedTime": "7:30 PM",
      "formattedDateWithoutYear": "Aug 09",
      "isTbd": false,
      "isDateConfirmed": false,
      "isTimeConfirmed": false,
      "eventState": 0,
      "venueId": 26852,
      "venueName": "Open Air Arena - Messe München - Complex",
      "formattedVenueLocation": "München, Germany",
      "timeToEventTotalMilliseconds": 0,
      "hasActiveListings": false,
      "isFavorite": false,
      "aggregateFavorites": 0,
      "isParkingEvent": false,
      "priceTrendPercentage": 0,
      "isRefetchedGlobalEvent": false
    },
    {
      "categoryId": 10813,
      "imageUrl": "https://media.stubhubstatic.com/stubhub-v2-catalog/d_vgg-defaultLogo.jpg/q_auto:low,f_auto,c_fill,g_auto,w_280,h_170,dpr_2.0/categories/10813/6319778",
      "priceClass": 3,
      "eventId": 152995495,
      "name": "Adele",
      "url": "/Concert-Tickets/Alternative-Music/Adele-Tickets/E-152995495",
      "dayOfWeek": "Sat",
      "formattedTime": "7:30 PM",
      "formattedDateWithoutYear": "Aug 10",
      "isTbd": false,
      "isDateConfirmed": false,
      "isTimeConfirmed": false,
      "eventState": 0,
      "venueId": 26852,
      "venueName": "Open Air Arena - Messe München - Complex",
      "formattedVenueLocation": "München, Germany",
      "timeToEventTotalMilliseconds": 0,
      "hasActiveListings": false,
      "isFavorite": false,
      "aggregateFavorites": 0,
      "isParkingEvent": false,
      "priceTrendPercentage": 0,
      "isRefetchedGlobalEvent": false
    },
    {
      "categoryId": 10813,
      "imageUrl": "https://media.stubhubstatic.com/stubhub-v2-catalog/d_vgg-defaultLogo.jpg/q_auto:low,f_auto,c_fill,g_auto,w_280,h_170,dpr_2.0/categories/10813/6319778",
      "priceClass": 3,
      "eventId": 153016726,
      "name": "Adele",
      "url": "/Concert-Tickets/Alternative-Music/Adele-Tickets/E-153016726",
      "dayOfWeek": "Wed",
      "formattedTime": "7:30 PM",
      "formattedDateWithoutYear": "Aug 14",
      "isTbd": false,
      "isDateConfirmed": false,
      "isTimeConfirmed": false,
      "eventState": 0,
      "venueId": 26852,
      "venueName": "Open Air Arena - Messe München - Complex",
      "formattedVenueLocation": "München, Germany",
      "timeToEventTotalMilliseconds": 0,
      "hasActiveListings": false,
      "isFavorite": false,
      "aggregateFavorites": 0,
      "isParkingEvent": false,
      "priceTrendPercentage": 0,
      "isRefetchedGlobalEvent": false
    },
    {
      "categoryId": 11654,
      "imageUrl": "https://media.stubhubstatic.com/stubhub-catalog/d_vgg-defaultLogo.jpg/q_auto:low,f_auto,c_fill,g_auto,w_280,h_170,dpr_2.0/performer/622/cbm2kgkxz6n1sh9fjk9g",
      "priceClass": 4,
      "eventId": 152076203,
      "name": "Coldplay",
      "url": "/Concert-Tickets/Alternative-Music/Coldplay-Tickets/E-152076203",
      "dayOfWeek": "Thu",
      "formattedTime": "6:30 PM",
      "formattedDateWithoutYear": "Aug 15",
      "isTbd": false,
      "isDateConfirmed": false,
      "isTimeConfirmed": false,
      "eventState": 0,
      "venueId": 625,
      "venueName": "Olympiastadion München",
      "formattedVenueLocation": "Munich, Germany",
      "timeToEventTotalMilliseconds": 0,
      "hasActiveListings": false,
      "isFavorite": false,
      "aggregateFavorites": 0,
      "isParkingEvent": false,
      "priceTrendPercentage": 0,
      "isRefetchedGlobalEvent": false
    },
    {
      "categoryId": 10813,
      "imageUrl": "https://media.stubhubstatic.com/stubhub-v2-catalog/d_vgg-defaultLogo.jpg/q_auto:low,f_auto,c_fill,g_auto,w_280,h_170,dpr_2.0/categories/10813/6319778",
      "priceClass": 3,
      "eventId": 153016729,
      "name": "Adele",
      "url": "/Concert-Tickets/Alternative-Music/Adele-Tickets/E-153016729",
      "dayOfWeek": "Fri",
      "formattedTime": "7:30 PM",
      "formattedDateWithoutYear": "Aug 16",
      "isTbd": false,
      "isDateConfirmed": false,
      "isTimeConfirmed": false,
      "eventState": 0,
      "venueId": 26852,
      "venueName": "Open Air Arena - Messe München - Complex",
      "formattedVenueLocation": "München, Germany",
      "timeToEventTotalMilliseconds": 0,
      "hasActiveListings": false,
      "isFavorite": false,
      "aggregateFavorites": 0,
      "isParkingEvent": false,
      "priceTrendPercentage": 0,
      "isRefetchedGlobalEvent": false
    },
    {
      "categoryId": 11654,
      "imageUrl": "https://media.stubhubstatic.com/stubhub-catalog/d_vgg-defaultLogo.jpg/q_auto:low,f_auto,c_fill,g_auto,w_280,h_170,dpr_2.0/performer/622/f5909aeb85b2da3233b6153cc864ab99",
      "priceClass": 4,
      "eventId": 152076208,
      "name": "Coldplay",
      "url": "/Concert-Tickets/Alternative-Music/Coldplay-Tickets/E-152076208",
      "dayOfWeek": "Sat",
      "formattedTime": "6:30 PM",
      "formattedDateWithoutYear": "Aug 17",
      "isTbd": false,
      "isDateConfirmed": false,
      "isTimeConfirmed": false,
      "eventState": 0,
      "venueId": 625,
      "venueName": "Olympiastadion München",
      "formattedVenueLocation": "Munich, Germany",
      "timeToEventTotalMilliseconds": 0,
      "hasActiveListings": false,
      "isFavorite": false,
      "aggregateFavorites": 0,
      "isParkingEvent": false,
      "priceTrendPercentage": 0,
      "isRefetchedGlobalEvent": false
    },
    {
      "categoryId": 11654,
      "imageUrl": "https://media.stubhubstatic.com/stubhub-catalog/d_vgg-defaultLogo.jpg/q_auto:low,f_auto,c_fill,g_auto,w_280,h_170,dpr_2.0/performer/622/f5909aeb85b2da3233b6153cc864ab99",
      "priceClass": 4,
      "eventId": 152091576,
      "name": "Coldplay",
      "url": "/Concert-Tickets/Alternative-Music/Coldplay-Tickets/E-152091576",
      "dayOfWeek": "Sun",
      "formattedTime": "7:00 PM",
      "formattedDateWithoutYear": "Aug 18",
      "isTbd": false,
      "isDateConfirmed": false,
      "isTimeConfirmed": false,
      "eventState": 0,
      "venueId": 625,
      "venueName": "Olympiastadion München",
      "formattedVenueLocation": "Munich, Germany",
      "timeToEventTotalMilliseconds": 0,
      "hasActiveListings": false,
      "isFavorite": false,
      "aggregateFavorites": 0,
      "isParkingEvent": false,
      "priceTrendPercentage": 0,
      "isRefetchedGlobalEvent": false
    },
    {
      "categoryId": 10813,
      "imageUrl": "https://media.stubhubstatic.com/stubhub-v2-catalog/d_vgg-defaultLogo.jpg/q_auto:low,f_auto,c_fill,g_auto,w_280,h_170,dpr_2.0/categories/10813/6319778",
      "priceClass": 3,
      "eventId": 153016731,
      "name": "Adele",
      "url": "/Concert-Tickets/Alternative-Music/Adele-Tickets/E-153016731",
      "dayOfWeek": "Fri",
      "formattedTime": "7:30 PM",
      "formattedDateWithoutYear": "Aug 23",
      "isTbd": false,
      "isDateConfirmed": false,
      "isTimeConfirmed": false,
      "eventState": 0,
      "venueId": 26852,
      "venueName": "Open Air Arena - Messe München - Complex",
      "formattedVenueLocation": "München, Germany",
      "timeToEventTotalMilliseconds": 0,
      "hasActiveListings": false,
      "isFavorite": false,
      "aggregateFavorites": 0,
      "isParkingEvent": false,
      "priceTrendPercentage": 0,
      "isRefetchedGlobalEvent": false
    },
    {
      "categoryId": 10813,
      "imageUrl": "https://media.stubhubstatic.com/stubhub-v2-catalog/d_vgg-defaultLogo.jpg/q_auto:low,f_auto,c_fill,g_auto,w_280,h_170,dpr_2.0/categories/10813/6319778",
      "priceClass": 3,
      "eventId": 153016732,
      "name": "Adele",
      "url": "/Concert-Tickets/Alternative-Music/Adele-Tickets/E-153016732",
      "dayOfWeek": "Sat",
      "formattedTime": "7:30 PM",
      "formattedDateWithoutYear": "Aug 24",
      "isTbd": false,
      "isDateConfirmed": false,
      "isTimeConfirmed": false,
      "eventState": 0,
      "venueId": 26852,
      "venueName": "Open Air Arena - Messe München - Complex",
      "formattedVenueLocation": "München, Germany",
      "timeToEventTotalMilliseconds": 0,
      "hasActiveListings": false,
      "isFavorite": false,
      "aggregateFavorites": 0,
      "isParkingEvent": false,
      "priceTrendPercentage": 0,
      "isRefetchedGlobalEvent": false
    },
    {
      "categoryId": 10813,
      "imageUrl": "https://media.stubhubstatic.com/stubhub-v2-catalog/d_vgg-defaultLogo.jpg/q_auto:low,f_auto,c_fill,g_auto,w_280,h_170,dpr_2.0/categories/10813/6319778",
      "priceClass": 3,
      "eventId": 153026228,
      "name": "Adele",
      "url": "/Concert-Tickets/Alternative-Music/Adele-Tickets/E-153026228",
      "dayOfWeek": "Sat",
      "formattedTime": "7:30 PM",
      "formattedDateWithoutYear": "Aug 31",
      "isTbd": false,
      "isDateConfirmed": false,
      "isTimeConfirmed": false,
      "eventState": 0,
      "venueId": 26852,
      "venueName": "Open Air Arena - Messe München - Complex",
      "formattedVenueLocation": "München, Germany",
      "timeToEventTotalMilliseconds": 0,
      "hasActiveListings": false,
      "isFavorite": false,
      "aggregateFavorites": 0,
      "isParkingEvent": false,
      "priceTrendPercentage": 0,
      "isRefetchedGlobalEvent": false
    },
    {
      "categoryId": 20563,
      "imageUrl": "https://media.stubhubstatic.com/stubhub-v2-catalog/d_vgg-defaultLogo.jpg/q_auto:low,f_auto,c_fill,g_auto,w_280,h_170,dpr_2.0/categories/20563/6369966",
      "priceClass": 2,
      "eventId": 152288429,
      "name": "Darius Rucker",
      "url": "/Concert-Tickets/RB-and-Soul-Music/Darius-Rucker-Tickets/E-152288429",
      "dayOfWeek": "Mon",
      "formattedTime": "8:00 PM",
      "formattedDateWithoutYear": "Apr 22",
      "isTbd": false,
      "isDateConfirmed": false,
      "isTimeConfirmed": false,
      "eventState": 0,
      "venueId": 1259,
      "venueName": "Backstage Werk",
      "formattedVenueLocation": "München, Germany",
      "timeToEventTotalMilliseconds": 0,
      "hasActiveListings": false,
      "isFavorite": false,
      "aggregateFavorites": 0,
      "isParkingEvent": false,
      "priceTrendPercentage": 0,
      "isRefetchedGlobalEvent": false
    },
    {
      "categoryId": 161006,
      "imageUrl": "https://media.stubhubstatic.com/stubhub-v2-catalog/d_vgg-defaultLogo.jpg/q_auto:low,f_auto,c_fill,g_auto,w_280,h_170,dpr_2.0/categories/161006/6354048",
      "priceClass": 2,
      "eventId": 151582647,
      "name": "Fletcher",
      "url": "/Concert-Tickets/Rock-and-Pop/Fletcher-Tickets/E-151582647",
      "dayOfWeek": "Wed",
      "formattedTime": "8:00 PM",
      "formattedDateWithoutYear": "Apr 24",
      "isTbd": false,
      "isDateConfirmed": false,
      "isTimeConfirmed": false,
      "eventState": 0,
      "venueId": 1259,
      "venueName": "Backstage Werk",
      "formattedVenueLocation": "München, Germany",
      "timeToEventTotalMilliseconds": 0,
      "hasActiveListings": false,
      "isFavorite": false,
      "aggregateFavorites": 0,
      "isParkingEvent": false,
      "priceTrendPercentage": 0,
      "isRefetchedGlobalEvent": false
    },
    {
      "categoryId": 4845,
      "imageUrl": "https://media.stubhubstatic.com/stubhub-v2-catalog/d_vgg-defaultLogo.jpg/q_auto:low,f_auto,c_fill,g_auto,w_280,h_170,dpr_2.0/categories/4845/6398177",
      "priceClass": 2,
      "eventId": 152697150,
      "name": "Monster Jam",
      "url": "/Sports-Tickets/Motorsports/Motorsport-Parking-Passes/Monster-Jam-Parking-Passes/Monster-Jam-Tickets/E-152697150",
      "dayOfWeek": "Sat",
      "formattedTime": "1:00 PM",
      "formattedDateWithoutYear": "Apr 27",
      "isTbd": false,
      "isDateConfirmed": false,
      "isTimeConfirmed": false,
      "eventState": 0,
      "venueId": 621,
      "venueName": "Olympiahalle München",
      "formattedVenueLocation": "München, Germany",
      "timeToEventTotalMilliseconds": 0,
      "hasActiveListings": false,
      "isFavorite": false,
      "aggregateFavorites": 0,
      "isParkingEvent": false,
      "priceTrendPercentage": 0,
      "isRefetchedGlobalEvent": false
    },
    {
      "categoryId": 4845,
      "imageUrl": "https://media.stubhubstatic.com/stubhub-v2-catalog/d_vgg-defaultLogo.jpg/q_auto:low,f_auto,c_fill,g_auto,w_280,h_170,dpr_2.0/categories/4845/6398177",
      "priceClass": 2,
      "eventId": 152697151,
      "name": "Monster Jam",
      "url": "/Sports-Tickets/Motorsports/Motorsport-Parking-Passes/Monster-Jam-Parking-Passes/Monster-Jam-Tickets/E-152697151",
      "dayOfWeek": "Sat",
      "formattedTime": "7:00 PM",
      "formattedDateWithoutYear": "Apr 27",
      "isTbd": false,
      "isDateConfirmed": false,
      "isTimeConfirmed": false,
      "eventState": 0,
      "venueId": 621,
      "venueName": "Olympiahalle München",
      "formattedVenueLocation": "München, Germany",
      "timeToEventTotalMilliseconds": 0,
      "hasActiveListings": false,
      "isFavorite": false,
      "aggregateFavorites": 0,
      "isParkingEvent": false,
      "priceTrendPercentage": 0,
      "isRefetchedGlobalEvent": false
    },
    {
      "categoryId": 4845,
      "imageUrl": "https://media.stubhubstatic.com/stubhub-v2-catalog/d_vgg-defaultLogo.jpg/q_auto:low,f_auto,c_fill,g_auto,w_280,h_170,dpr_2.0/categories/4845/6398177",
      "priceClass": 1,
      "eventId": 152697152,
      "name": "Monster Jam",
      "url": "/Sports-Tickets/Motorsports/Motorsport-Parking-Passes/Monster-Jam-Parking-Passes/Monster-Jam-Tickets/E-152697152",
      "dayOfWeek": "Sun",
      "formattedTime": "1:00 PM",
      "formattedDateWithoutYear": "Apr 28",
      "isTbd": false,
      "isDateConfirmed": false,
      "isTimeConfirmed": false,
      "eventState": 0,
      "venueId": 621,
      "venueName": "Olympiahalle München",
      "formattedVenueLocation": "München, Germany",
      "timeToEventTotalMilliseconds": 0,
      "hasActiveListings": false,
      "isFavorite": false,
      "aggregateFavorites": 0,
      "isParkingEvent": false,
      "priceTrendPercentage": 0,
      "isRefetchedGlobalEvent": false
    },
    {
      "categoryId": 45964,
      "imageUrl": "https://media.stubhubstatic.com/stubhub-v2-catalog/d_vgg-defaultLogo.jpg/q_auto:low,f_auto,c_fill,g_auto,w_280,h_170,dpr_2.0/categories/45964/6370947",
      "priceClass": 2,
      "eventId": 152759784,
      "name": "Christian Löffler - A Life Tour",
      "url": "/Concert-Tickets/Dance-and-Electronic-Music/Christian-Loffler-Tickets/E-152759784",
      "dayOfWeek": "Fri",
      "formattedTime": "8:00 PM",
      "formattedDateWithoutYear": "May 03",
      "isTbd": false,
      "isDateConfirmed": false,
      "isTimeConfirmed": false,
      "eventState": 0,
      "venueId": 605,
      "venueName": "Muffathalle",
      "formattedVenueLocation": "München, Germany",
      "timeToEventTotalMilliseconds": 0,
      "hasActiveListings": false,
      "isFavorite": false,
      "aggregateFavorites": 0,
      "isParkingEvent": false,
      "priceTrendPercentage": 0,
      "isRefetchedGlobalEvent": false
    },
    {
      "categoryId": 1148,
      "imageUrl": "https://media.stubhubstatic.com/stubhub-v2-catalog/d_vgg-defaultLogo.jpg/q_auto:low,f_auto,c_fill,g_auto,w_280,h_170,dpr_2.0/categories/1148/6391777",
      "priceClass": 2,
      "eventId": 152073940,
      "name": "TSV 1860 München vs Borussia Dortmund II",
      "url": "/Sports-Tickets/Soccer/More-Soccer/3-Bundesliga/TSV-1860-Muenchen-Tickets/E-152073940",
      "dayOfWeek": "Sat",
      "formattedTime": "2:00 PM",
      "formattedDateWithoutYear": "May 04",
      "isTbd": false,
      "isDateConfirmed": false,
      "isTimeConfirmed": false,
      "eventState": 0,
      "venueId": 8468,
      "venueName": "Städtische Stadion an der Grünwalder Straße",
      "formattedVenueLocation": "München, Germany",
      "timeToEventTotalMilliseconds": 0,
      "hasActiveListings": false,
      "isFavorite": false,
      "aggregateFavorites": 0,
      "isParkingEvent": false,
      "priceTrendPercentage": 0,
      "isRefetchedGlobalEvent": false
    },
    {
      "categoryId": 261779,
      "imageUrl": "https://media.stubhubstatic.com/stubhub-v2-catalog/d_vgg-defaultLogo.jpg/q_auto:low,f_auto,c_fill,g_auto,w_280,h_170,dpr_2.0/categories/261779/6319759",
      "priceClass": 2,
      "eventId": 151700945,
      "name": "Nina Chuba - Glas Tour 2024",
      "url": "/Theater-Tickets/Theater/Nina-Chuba-Tickets/E-151700945",
      "dayOfWeek": "Tue",
      "formattedTime": "7:30 PM",
      "formattedDateWithoutYear": "May 07",
      "isTbd": false,
      "isDateConfirmed": false,
      "isTimeConfirmed": false,
      "eventState": 0,
      "venueId": 733,
      "venueName": "Zenith München",
      "formattedVenueLocation": "Munich, Germany",
      "timeToEventTotalMilliseconds": 0,
      "hasActiveListings": false,
      "isFavorite": false,
      "aggregateFavorites": 0,
      "isParkingEvent": false,
      "priceTrendPercentage": 0,
      "isRefetchedGlobalEvent": false
    },
    {
      "categoryId": 95356,
      "imageUrl": "https://img.vggcdn.net/img/cat/1206/0/13.jpg",
      "eventId": 152233137,
      "name": "Brettl-Spitzen - Live 2024",
      "url": "/Concert-Tickets/Other-Concerts/Brettl-Spitzen-Tickets/E-152233137",
      "dayOfWeek": "Thu",
      "formattedTime": "8:00 PM",
      "formattedDateWithoutYear": "May 16",
      "isTbd": false,
      "isDateConfirmed": false,
      "isTimeConfirmed": false,
      "eventState": 0,
      "venueId": 150051184,
      "venueName": "Festwiese Allach",
      "formattedVenueLocation": "München, Germany",
      "timeToEventTotalMilliseconds": 0,
      "hasActiveListings": false,
      "isFavorite": false,
      "aggregateFavorites": 0,
      "isParkingEvent": false,
      "priceTrendPercentage": 0,
      "isRefetchedGlobalEvent": false
    },
    {
      "categoryId": 6578,
      "imageUrl": "https://media.stubhubstatic.com/stubhub-v2-catalog/d_vgg-defaultLogo.jpg/q_auto:low,f_auto,c_fill,g_auto,w_280,h_170,dpr_2.0/categories/6578/6345227",
      "priceClass": 2,
      "eventId": 151235950,
      "name": "Howard Carpendale - Live - Das ist mein Leben! - Die Tournee 2024",
      "url": "/Concert-Tickets/Pop-Rock/Contemporary-Pop-Rock/Howard-Carpendale-Tickets/E-151235950",
      "dayOfWeek": "Sat",
      "formattedTime": "8:00 PM",
      "formattedDateWithoutYear": "May 18",
      "isTbd": false,
      "isDateConfirmed": false,
      "isTimeConfirmed": false,
      "eventState": 0,
      "venueId": 621,
      "venueName": "Olympiahalle München",
      "formattedVenueLocation": "München, Germany",
      "timeToEventTotalMilliseconds": 0,
      "hasActiveListings": false,
      "isFavorite": false,
      "aggregateFavorites": 0,
      "isParkingEvent": false,
      "priceTrendPercentage": 0,
      "isRefetchedGlobalEvent": false
    },
    {
      "categoryId": 4833,
      "imageUrl": "https://media.stubhubstatic.com/stubhub-v2-catalog/d_vgg-defaultLogo.jpg/q_auto:low,f_auto,c_fill,g_auto,w_280,h_170,dpr_2.0/categories/4833/6394508",
      "priceClass": 2,
      "eventId": 152584219,
      "name": "Thirty Seconds To Mars",
      "url": "/Concert-Tickets/Pop-Music/30-Seconds-to-Mars-Tickets/E-152584219",
      "dayOfWeek": "Sun",
      "formattedTime": "8:00 PM",
      "formattedDateWithoutYear": "May 19",
      "isTbd": false,
      "isDateConfirmed": false,
      "isTimeConfirmed": false,
      "eventState": 0,
      "venueId": 621,
      "venueName": "Olympiahalle München",
      "formattedVenueLocation": "München, Germany",
      "timeToEventTotalMilliseconds": 0,
      "hasActiveListings": false,
      "isFavorite": false,
      "aggregateFavorites": 0,
      "isParkingEvent": false,
      "priceTrendPercentage": 0,
      "isRefetchedGlobalEvent": false
    },
    {
      "categoryId": 172593,
      "imageUrl": "https://media.stubhubstatic.com/stubhub-v2-catalog/d_vgg-defaultLogo.jpg/q_auto:low,f_auto,c_fill,g_auto,w_280,h_170,dpr_2.0/categories/172593/6354446",
      "priceClass": 3,
      "eventId": 152323453,
      "name": "Apache 207",
      "url": "/Concert-Tickets/Rap-and-Hip-Hop-Music/Apache-207-Tickets/E-152323453",
      "dayOfWeek": "Tue",
      "formattedTime": "8:00 PM",
      "formattedDateWithoutYear": "May 21",
      "isTbd": false,
      "isDateConfirmed": false,
      "isTimeConfirmed": false,
      "eventState": 0,
      "venueId": 621,
      "venueName": "Olympiahalle München",
      "formattedVenueLocation": "München, Germany",
      "timeToEventTotalMilliseconds": 0,
      "hasActiveListings": false,
      "isFavorite": false,
      "aggregateFavorites": 0,
      "isParkingEvent": false,
      "priceTrendPercentage": 0,
      "isRefetchedGlobalEvent": false
    },
    {
      "categoryId": 4690,
      "imageUrl": "https://media.stubhubstatic.com/stubhub-v2-catalog/d_vgg-defaultLogo.jpg/q_auto:low,f_auto,c_fill,g_auto,w_280,h_170,dpr_2.0/categories/4690/6395512",
      "priceClass": 4,
      "eventId": 151390152,
      "name": "Metallica - 1 Day Ticket - Friday",
      "url": "/Concert-Tickets/Hard-Rock-and-Metal-Music/Metallica-Tickets/E-151390152",
      "dayOfWeek": "Fri",
      "formattedTime": "6:00 PM",
      "formattedDateWithoutYear": "May 24",
      "isTbd": false,
      "isDateConfirmed": false,
      "isTimeConfirmed": false,
      "eventState": 0,
      "venueId": 625,
      "venueName": "Olympiastadion München",
      "formattedVenueLocation": "Munich, Germany",
      "timeToEventTotalMilliseconds": 0,
      "hasActiveListings": false,
      "isFavorite": false,
      "aggregateFavorites": 0,
      "isParkingEvent": false,
      "priceTrendPercentage": 0,
      "isRefetchedGlobalEvent": false
    },
    {
      "categoryId": 4690,
      "imageUrl": "https://media.stubhubstatic.com/stubhub-v2-catalog/d_vgg-defaultLogo.jpg/q_auto:low,f_auto,c_fill,g_auto,w_280,h_170,dpr_2.0/categories/4690/6395512",
      "priceClass": 4,
      "eventId": 151256376,
      "name": "Metallica - 2 Days",
      "url": "/Concert-Tickets/Hard-Rock-and-Metal-Music/Metallica-Tickets/E-151256376",
      "dayOfWeek": "Fri",
      "formattedTime": "6:00 PM",
      "formattedDateWithoutYear": "May 24",
      "isTbd": false,
      "isDateConfirmed": false,
      "isTimeConfirmed": false,
      "eventState": 0,
      "venueId": 625,
      "venueName": "Olympiastadion München",
      "formattedVenueLocation": "Munich, Germany",
      "timeToEventTotalMilliseconds": 0,
      "hasActiveListings": false,
      "isFavorite": false,
      "aggregateFavorites": 0,
      "isParkingEvent": false,
      "priceTrendPercentage": 0,
      "isRefetchedGlobalEvent": false
    },
    {
      "categoryId": 21902,
      "imageUrl": "https://media.stubhubstatic.com/stubhub-v2-catalog/d_vgg-defaultLogo.jpg/q_auto:low,f_auto,c_fill,g_auto,w_280,h_170,dpr_2.0/categories/21902/6395471",
      "priceClass": 3,
      "eventId": 152370083,
      "name": "Joe Hisaishi - Musik der Studio Ghibli Filme von Hayao Miyazaki",
      "url": "/Theater-Tickets/Classical/Joe-Hisaishi-Tickets/E-152370083",
      "dayOfWeek": "Sat",
      "formattedTime": "8:00 PM",
      "formattedDateWithoutYear": "May 25",
      "isTbd": false,
      "isDateConfirmed": false,
      "isTimeConfirmed": false,
      "eventState": 0,
      "venueId": 621,
      "venueName": "Olympiahalle München",
      "formattedVenueLocation": "München, Germany",
      "timeToEventTotalMilliseconds": 0,
      "hasActiveListings": false,
      "isFavorite": false,
      "aggregateFavorites": 0,
      "isParkingEvent": false,
      "priceTrendPercentage": 0,
      "isRefetchedGlobalEvent": false
    },
    {
      "categoryId": 4690,
      "imageUrl": "https://media.stubhubstatic.com/stubhub-v2-catalog/d_vgg-defaultLogo.jpg/q_auto:low,f_auto,c_fill,g_auto,w_280,h_170,dpr_2.0/categories/4690/6395512",
      "priceClass": 4,
      "eventId": 151381778,
      "name": "Metallica - 1 Day Ticket - Sunday",
      "url": "/Concert-Tickets/Hard-Rock-and-Metal-Music/Metallica-Tickets/E-151381778",
      "dayOfWeek": "Sun",
      "formattedTime": "6:00 PM",
      "formattedDateWithoutYear": "May 26",
      "isTbd": false,
      "isDateConfirmed": false,
      "isTimeConfirmed": false,
      "eventState": 0,
      "venueId": 625,
      "venueName": "Olympiastadion München",
      "formattedVenueLocation": "Munich, Germany",
      "timeToEventTotalMilliseconds": 0,
      "hasActiveListings": false,
      "isFavorite": false,
      "aggregateFavorites": 0,
      "isParkingEvent": false,
      "priceTrendPercentage": 0,
      "isRefetchedGlobalEvent": false
    },
    {
      "categoryId": 398697,
      "imageUrl": "https://media.stubhubstatic.com/stubhub-catalog/d_vgg-defaultLogo.jpg/q_auto:low,f_auto,c_fill,g_auto,w_280,h_170,dpr_2.0/performer/101864867/05499ab31150c8fe7d6fdbaaf6f6eec1",
      "priceClass": 3,
      "eventId": 152316900,
      "name": "Olivia Rodrigo",
      "url": "/Concert-Tickets/Rock-and-Pop/Olivia-Rodrigo-Tickets/E-152316900",
      "dayOfWeek": "Fri",
      "formattedTime": "7:30 PM",
      "formattedDateWithoutYear": "Jun 07",
      "isTbd": false,
      "isDateConfirmed": false,
      "isTimeConfirmed": false,
      "eventState": 0,
      "venueId": 621,
      "venueName": "Olympiahalle München",
      "formattedVenueLocation": "München, Germany",
      "timeToEventTotalMilliseconds": 0,
      "hasActiveListings": false,
      "isFavorite": false,
      "aggregateFavorites": 0,
      "isParkingEvent": false,
      "priceTrendPercentage": 0,
      "isRefetchedGlobalEvent": false
    },
    {
      "categoryId": 5776,
      "imageUrl": "https://media.stubhubstatic.com/stubhub-v2-catalog/d_vgg-defaultLogo.jpg/q_auto:low,f_auto,c_fill,g_auto,w_280,h_170,dpr_2.0/categories/5776/6345143",
      "priceClass": 3,
      "eventId": 152654122,
      "name": "Nickelback",
      "url": "/Concert-Tickets/Hard-Rock-and-Metal-Music/Nickelback-Tickets/E-152654122",
      "dayOfWeek": "Sat",
      "formattedTime": "7:30 PM",
      "formattedDateWithoutYear": "Jun 08",
      "isTbd": false,
      "isDateConfirmed": false,
      "isTimeConfirmed": false,
      "eventState": 0,
      "venueId": 621,
      "venueName": "Olympiahalle München",
      "formattedVenueLocation": "München, Germany",
      "timeToEventTotalMilliseconds": 0,
      "hasActiveListings": false,
      "isFavorite": false,
      "aggregateFavorites": 0,
      "isParkingEvent": false,
      "priceTrendPercentage": 0,
      "isRefetchedGlobalEvent": false
    },
    {
      "categoryId": 150277585,
      "imageUrl": "https://media.stubhubstatic.com/stubhub-v2-catalog/d_vgg-defaultLogo.jpg/q_auto:low,f_auto,c_fill,g_auto,w_280,h_170,dpr_2.0/categories/1023/6317750",
      "priceClass": 2,
      "eventId": 153321850,
      "name": "Fan Fest Euro 2024: Ed Sheeran , Nelly Furtado , Mark Forster and Dylan",
      "url": "/Festival-Tickets/International-Festivals/Fan-Fest-Euro-Tickets/E-153321850",
      "dayOfWeek": "Wed",
      "formattedTime": "3:00 PM",
      "formattedDateWithoutYear": "Jun 12",
      "isTbd": false,
      "isDateConfirmed": false,
      "isTimeConfirmed": false,
      "eventState": 0,
      "venueId": 11943,
      "venueName": "Theresienwiese",
      "formattedVenueLocation": "München, Germany",
      "timeToEventTotalMilliseconds": 0,
      "hasActiveListings": false,
      "isFavorite": false,
      "aggregateFavorites": 0,
      "isParkingEvent": false,
      "priceTrendPercentage": 0,
      "isRefetchedGlobalEvent": false
    },
    {
      "categoryId": 30000,
      "imageUrl": "https://media.stubhubstatic.com/stubhub-v2-catalog/d_vgg-defaultLogo.jpg/q_auto:low,f_auto,c_fill,g_auto,w_280,h_170,dpr_2.0/categories/30000/6317819",
      "priceClass": 2,
      "eventId": 152658220,
      "name": "Ehrlich Brothers",
      "url": "/Theater-Tickets/Shows/Ehrlich-Brothers-Tickets/E-152658220",
      "dayOfWeek": "Fri",
      "formattedTime": "6:00 PM",
      "formattedDateWithoutYear": "Jun 14",
      "isTbd": false,
      "isDateConfirmed": false,
      "isTimeConfirmed": false,
      "eventState": 0,
      "venueId": 621,
      "venueName": "Olympiahalle München",
      "formattedVenueLocation": "München, Germany",
      "timeToEventTotalMilliseconds": 0,
      "hasActiveListings": false,
      "isFavorite": false,
      "aggregateFavorites": 0,
      "isParkingEvent": false,
      "priceTrendPercentage": 0,
      "isRefetchedGlobalEvent": false
    },
    {
      "categoryId": 32763,
      "imageUrl": "https://media.stubhubstatic.com/stubhub-v2-catalog/d_vgg-defaultLogo.jpg/q_auto:low,f_auto,c_fill,g_auto,w_280,h_170,dpr_2.0/categories/32763/6368282",
      "priceClass": 2,
      "eventId": 152675720,
      "name": "Troye Sivan",
      "url": "/Concert-Tickets/Rock-and-Pop/Troye-Sivan-Tickets/E-152675720",
      "dayOfWeek": "Fri",
      "formattedTime": "8:00 PM",
      "formattedDateWithoutYear": "Jun 14",
      "isTbd": false,
      "isDateConfirmed": false,
      "isTimeConfirmed": false,
      "eventState": 0,
      "venueId": 733,
      "venueName": "Zenith München",
      "formattedVenueLocation": "Munich, Germany",
      "timeToEventTotalMilliseconds": 0,
      "hasActiveListings": false,
      "isFavorite": false,
      "aggregateFavorites": 0,
      "isParkingEvent": false,
      "priceTrendPercentage": 0,
      "isRefetchedGlobalEvent": false
    },
    {
      "categoryId": 23259,
      "imageUrl": "https://media.stubhubstatic.com/stubhub-v2-catalog/d_vgg-defaultLogo.jpg/q_auto:low,f_auto,c_fill,g_auto,w_280,h_170,dpr_2.0/categories/23259/6317741",
      "priceClass": 2,
      "eventId": 151799572,
      "name": "Andreas Gabalier",
      "url": "/Concert-Tickets/Folk/Contemporary-Folk/Andreas-Gabalier-Tickets/E-151799572",
      "dayOfWeek": "Sat",
      "formattedTime": "6:00 PM",
      "formattedDateWithoutYear": "Jun 22",
      "isTbd": false,
      "isDateConfirmed": false,
      "isTimeConfirmed": false,
      "eventState": 0,
      "venueId": 625,
      "venueName": "Olympiastadion München",
      "formattedVenueLocation": "Munich, Germany",
      "timeToEventTotalMilliseconds": 0,
      "hasActiveListings": false,
      "isFavorite": false,
      "aggregateFavorites": 0,
      "isParkingEvent": false,
      "priceTrendPercentage": 0,
      "isRefetchedGlobalEvent": false
    },
    {
      "categoryId": 17398,
      "imageUrl": "https://media.stubhubstatic.com/stubhub-catalog/d_vgg-defaultLogo.jpg/q_auto:low,f_auto,c_fill,g_auto,w_280,h_170,dpr_2.0/performer/12507/hmhjcgjlflzshkdj2nmx",
      "priceClass": 2,
      "eventId": 152559266,
      "name": "Toto - Tollwood 2024",
      "url": "/Concert-Tickets/Pop-Music/Toto-Tickets/E-152559266",
      "dayOfWeek": "Mon",
      "formattedTime": "6:45 PM",
      "formattedDateWithoutYear": "Jun 24",
      "isTbd": false,
      "isDateConfirmed": false,
      "isTimeConfirmed": false,
      "eventState": 0,
      "venueId": 10441,
      "venueName": "Tollwood Sommerfestival",
      "formattedVenueLocation": "Munich, Germany",
      "timeToEventTotalMilliseconds": 0,
      "hasActiveListings": false,
      "isFavorite": false,
      "aggregateFavorites": 0,
      "isParkingEvent": false,
      "priceTrendPercentage": 0,
      "isRefetchedGlobalEvent": false
    },
    {
      "categoryId": 13462,
      "imageUrl": "https://media.stubhubstatic.com/stubhub-v2-catalog/d_vgg-defaultLogo.jpg/q_auto:low,f_auto,c_fill,g_auto,w_280,h_170,dpr_2.0/categories/13462/6345663",
      "priceClass": 3,
      "eventId": 152644422,
      "name": "Sarah Connor - My favorite Songs | Tollwood 2024",
      "url": "/Concert-Tickets/Rock-and-Pop/Sarah-Connor-Tickets/E-152644422",
      "dayOfWeek": "Tue",
      "formattedTime": "7:00 PM",
      "formattedDateWithoutYear": "Jun 25",
      "isTbd": false,
      "isDateConfirmed": false,
      "isTimeConfirmed": false,
      "eventState": 0,
      "venueId": 10441,
      "venueName": "Tollwood Sommerfestival",
      "formattedVenueLocation": "Munich, Germany",
      "timeToEventTotalMilliseconds": 0,
      "hasActiveListings": false,
      "isFavorite": false,
      "aggregateFavorites": 0,
      "isParkingEvent": false,
      "priceTrendPercentage": 0,
      "isRefetchedGlobalEvent": false
    },
    {
      "categoryId": 4547,
      "imageUrl": "https://media.stubhubstatic.com/stubhub-catalog/d_vgg-defaultLogo.jpg/q_auto:low,f_auto,c_fill,g_auto,w_280,h_170,dpr_2.0/performer/1263/uuvyfk49ln8571xwaqzb",
      "priceClass": 3,
      "eventId": 152288338,
      "name": "Rod Stewart",
      "url": "/Concert-Tickets/Rock-and-Pop/Rod-Stewart-Tickets/E-152288338",
      "dayOfWeek": "Fri",
      "formattedTime": "8:00 PM",
      "formattedDateWithoutYear": "Jun 28",
      "isTbd": false,
      "isDateConfirmed": false,
      "isTimeConfirmed": false,
      "eventState": 0,
      "venueId": 621,
      "venueName": "Olympiahalle München",
      "formattedVenueLocation": "München, Germany",
      "timeToEventTotalMilliseconds": 0,
      "hasActiveListings": false,
      "isFavorite": false,
      "aggregateFavorites": 0,
      "isParkingEvent": false,
      "priceTrendPercentage": 0,
      "isRefetchedGlobalEvent": false
    },
    {
      "categoryId": 4016,
      "imageUrl": "https://media.stubhubstatic.com/stubhub-v2-catalog/d_vgg-defaultLogo.jpg/q_auto:low,f_auto,c_fill,g_auto,w_280,h_170,dpr_2.0/categories/4016/6319916",
      "priceClass": 2,
      "eventId": 152076694,
      "name": "Roland Kaiser",
      "url": "/Concert-Tickets/Other-Concerts/Volksmusik/Roland-Kaiser-Tickets/E-152076694",
      "dayOfWeek": "Sat",
      "formattedTime": "8:00 PM",
      "formattedDateWithoutYear": "Jun 29",
      "isTbd": false,
      "isDateConfirmed": false,
      "isTimeConfirmed": false,
      "eventState": 0,
      "venueId": 6124,
      "venueName": "Königsplatz München",
      "formattedVenueLocation": "München, Germany",
      "timeToEventTotalMilliseconds": 0,
      "hasActiveListings": false,
      "isFavorite": false,
      "aggregateFavorites": 0,
      "isParkingEvent": false,
      "priceTrendPercentage": 0,
      "isRefetchedGlobalEvent": false
    },
    {
      "categoryId": 15508,
      "imageUrl": "https://media.stubhubstatic.com/stubhub-v2-catalog/d_vgg-defaultLogo.jpg/q_auto:low,f_auto,c_fill,g_auto,w_280,h_170,dpr_2.0/categories/15508/6345920",
      "priceClass": 2,
      "eventId": 152888181,
      "name": "The Hooters",
      "url": "/Concert-Tickets/Rock-and-Pop/The-Hooters-Tickets/E-152888181",
      "dayOfWeek": "Sun",
      "formattedTime": "8:00 PM",
      "formattedDateWithoutYear": "Jun 30",
      "isTbd": false,
      "isDateConfirmed": false,
      "isTimeConfirmed": false,
      "eventState": 0,
      "venueId": 605,
      "venueName": "Muffathalle",
      "formattedVenueLocation": "München, Germany",
      "timeToEventTotalMilliseconds": 0,
      "hasActiveListings": false,
      "isFavorite": false,
      "aggregateFavorites": 0,
      "isParkingEvent": false,
      "priceTrendPercentage": 0,
      "isRefetchedGlobalEvent": false
    },
    {
      "categoryId": 169523,
      "imageUrl": "https://media.stubhubstatic.com/stubhub-v2-catalog/d_vgg-defaultLogo.jpg/q_auto:low,f_auto,c_fill,g_auto,w_280,h_170,dpr_2.0/categories/169523/6354334",
      "priceClass": 2,
      "eventId": 152462493,
      "name": "Montez - Sommer Open Airs 2024",
      "url": "/Concert-Tickets/Rap-and-Hip-Hop-Music/Montez-Tickets/E-152462493",
      "dayOfWeek": "Wed",
      "formattedTime": "7:00 PM",
      "formattedDateWithoutYear": "Jul 10",
      "isTbd": false,
      "isDateConfirmed": false,
      "isTimeConfirmed": false,
      "eventState": 0,
      "venueId": 10441,
      "venueName": "Tollwood Sommerfestival",
      "formattedVenueLocation": "Munich, Germany",
      "timeToEventTotalMilliseconds": 0,
      "hasActiveListings": false,
      "isFavorite": false,
      "aggregateFavorites": 0,
      "isParkingEvent": false,
      "priceTrendPercentage": 0,
      "isRefetchedGlobalEvent": false
    },
    {
      "categoryId": 14885,
      "imageUrl": "https://media.stubhubstatic.com/stubhub-v2-catalog/d_vgg-defaultLogo.jpg/q_auto:low,f_auto,c_fill,g_auto,w_280,h_170,dpr_2.0/categories/14885/6337496",
      "priceClass": 2,
      "eventId": 152006535,
      "name": "Tollwood 2024: Schmidbauer & Kälberer: Schmidbauers: 15 Jahre – Jubiläum",
      "url": "/Concert-Tickets/Rock-and-Pop/Schmidbauer+Kaelberer-Tickets/E-152006535",
      "dayOfWeek": "Fri",
      "formattedTime": "7:00 PM",
      "formattedDateWithoutYear": "Jul 12",
      "isTbd": false,
      "isDateConfirmed": false,
      "isTimeConfirmed": false,
      "eventState": 0,
      "venueId": 10441,
      "venueName": "Tollwood Sommerfestival",
      "formattedVenueLocation": "Munich, Germany",
      "timeToEventTotalMilliseconds": 0,
      "hasActiveListings": false,
      "isFavorite": false,
      "aggregateFavorites": 0,
      "isParkingEvent": false,
      "priceTrendPercentage": 0,
      "isRefetchedGlobalEvent": false
    },
    {
      "categoryId": 14951,
      "imageUrl": "https://media.stubhubstatic.com/stubhub-v2-catalog/d_vgg-defaultLogo.jpg/q_auto:low,f_auto,c_fill,g_auto,w_280,h_170,dpr_2.0/categories/14951/6319736",
      "eventId": 152629314,
      "name": "Klassik am Odeonsplatz 2024 - Symphonieorchester BR",
      "url": "/Theater-Tickets/Classical/Klassik-am-Odeonsplatz-Tickets/E-152629314",
      "dayOfWeek": "Fri",
      "formattedTime": "8:00 PM",
      "formattedDateWithoutYear": "Jul 12",
      "isTbd": false,
      "isDateConfirmed": false,
      "isTimeConfirmed": false,
      "eventState": 0,
      "venueId": 9274,
      "venueName": "Odeonsplatz Feldherrnhalle",
      "formattedVenueLocation": "München, Germany",
      "timeToEventTotalMilliseconds": 0,
      "hasActiveListings": false,
      "isFavorite": false,
      "aggregateFavorites": 0,
      "isParkingEvent": false,
      "priceTrendPercentage": 0,
      "isRefetchedGlobalEvent": false
    },
    {
      "categoryId": 4943,
      "imageUrl": "https://media.stubhubstatic.com/stubhub-v2-catalog/d_vgg-defaultLogo.jpg/q_auto:low,f_auto,c_fill,g_auto,w_280,h_170,dpr_2.0/categories/4943/6345063",
      "priceClass": 2,
      "eventId": 153199640,
      "name": "Joss Stone",
      "url": "/Concert-Tickets/Jazz-Music/Joss-Stone-Tickets/E-153199640",
      "dayOfWeek": "Tue",
      "formattedTime": "8:00 PM",
      "formattedDateWithoutYear": "Jul 16",
      "isTbd": false,
      "isDateConfirmed": false,
      "isTimeConfirmed": false,
      "eventState": 0,
      "venueId": 95800,
      "venueName": "Isarphilharmonie at Gasteig HP8 - Complex",
      "formattedVenueLocation": "München, Germany",
      "timeToEventTotalMilliseconds": 0,
      "hasActiveListings": false,
      "isFavorite": false,
      "aggregateFavorites": 0,
      "isParkingEvent": false,
      "priceTrendPercentage": 0,
      "isRefetchedGlobalEvent": false
    },
    {
      "categoryId": 6369,
      "imageUrl": "https://media.stubhubstatic.com/stubhub-catalog/d_vgg-defaultLogo.jpg/q_auto:low,f_auto,c_fill,g_auto,w_280,h_170,dpr_2.0/performer/1513472/bkpx1x3mpwpqhv5tkcyo",
      "priceClass": 3,
      "eventId": 152469992,
      "name": "Spider Murphy Gang - Rock´n´Roll live",
      "url": "/Concert-Tickets/Rock-and-Pop/Spider-Murphy-Gang-Tickets/E-152469992",
      "dayOfWeek": "Thu",
      "formattedTime": "8:00 PM",
      "formattedDateWithoutYear": "Jul 25",
      "isTbd": false,
      "isDateConfirmed": false,
      "isTimeConfirmed": false,
      "eventState": 0,
      "venueId": 11190,
      "venueName": "Seewiese Schliersee",
      "formattedVenueLocation": "Schliersee, Germany",
      "timeToEventTotalMilliseconds": 0,
      "hasActiveListings": false,
      "isFavorite": false,
      "aggregateFavorites": 0,
      "isParkingEvent": false,
      "priceTrendPercentage": 0,
      "isRefetchedGlobalEvent": false
    },
    {
      "categoryId": 4425,
      "imageUrl": "https://media.stubhubstatic.com/stubhub-v2-catalog/d_vgg-defaultLogo.jpg/q_auto:low,f_auto,c_fill,g_auto,w_280,h_170,dpr_2.0/categories/4425/6398130",
      "priceClass": 3,
      "eventId": 153129923,
      "name": "Justin Timberlake",
      "url": "/Concert-Tickets/Rock-and-Pop/Justin-Timberlake-Tickets/E-153129923",
      "dayOfWeek": "Wed",
      "formattedTime": "7:30 PM",
      "formattedDateWithoutYear": "Aug 21",
      "isTbd": false,
      "isDateConfirmed": false,
      "isTimeConfirmed": false,
      "eventState": 0,
      "venueId": 621,
      "venueName": "Olympiahalle München",
      "formattedVenueLocation": "München, Germany",
      "timeToEventTotalMilliseconds": 0,
      "hasActiveListings": false,
      "isFavorite": false,
      "aggregateFavorites": 0,
      "isParkingEvent": false,
      "priceTrendPercentage": 0,
      "isRefetchedGlobalEvent": false
    },
    {
      "categoryId": 4425,
      "imageUrl": "https://media.stubhubstatic.com/stubhub-v2-catalog/d_vgg-defaultLogo.jpg/q_auto:low,f_auto,c_fill,g_auto,w_280,h_170,dpr_2.0/categories/4425/6398130",
      "priceClass": 3,
      "eventId": 153162146,
      "name": "Justin Timberlake",
      "url": "/Concert-Tickets/Rock-and-Pop/Justin-Timberlake-Tickets/E-153162146",
      "dayOfWeek": "Thu",
      "formattedTime": "7:30 PM",
      "formattedDateWithoutYear": "Aug 22",
      "isTbd": false,
      "isDateConfirmed": false,
      "isTimeConfirmed": false,
      "eventState": 0,
      "venueId": 621,
      "venueName": "Olympiahalle München",
      "formattedVenueLocation": "München, Germany",
      "timeToEventTotalMilliseconds": 0,
      "hasActiveListings": false,
      "isFavorite": false,
      "aggregateFavorites": 0,
      "isParkingEvent": false,
      "priceTrendPercentage": 0,
      "isRefetchedGlobalEvent": false
    },
    {
      "categoryId": 10813,
      "imageUrl": "https://media.stubhubstatic.com/stubhub-v2-catalog/d_vgg-defaultLogo.jpg/q_auto:low,f_auto,c_fill,g_auto,w_280,h_170,dpr_2.0/categories/10813/6319778",
      "priceClass": 3,
      "eventId": 153026226,
      "name": "Adele",
      "url": "/Concert-Tickets/Alternative-Music/Adele-Tickets/E-153026226",
      "dayOfWeek": "Fri",
      "formattedTime": "7:30 PM",
      "formattedDateWithoutYear": "Aug 30",
      "isTbd": false,
      "isDateConfirmed": false,
      "isTimeConfirmed": false,
      "eventState": 0,
      "venueId": 26852,
      "venueName": "Open Air Arena - Messe München - Complex",
      "formattedVenueLocation": "München, Germany",
      "timeToEventTotalMilliseconds": 0,
      "hasActiveListings": false,
      "isFavorite": false,
      "aggregateFavorites": 0,
      "isParkingEvent": false,
      "priceTrendPercentage": 0,
      "isRefetchedGlobalEvent": false
    },
    {
      "categoryId": 13226,
      "imageUrl": "https://media.stubhubstatic.com/stubhub-v2-catalog/d_vgg-defaultLogo.jpg/q_auto:low,f_auto,c_fill,g_auto,w_280,h_170,dpr_2.0/categories/13226/6369681",
      "priceClass": 3,
      "eventId": 152493294,
      "name": "Marius Müller-Westernhagen",
      "url": "/Concert-Tickets/Rock-and-Pop/Marius-Mueller-Westernhagen-Tickets/E-152493294",
      "dayOfWeek": "Tue",
      "formattedTime": "8:00 PM",
      "formattedDateWithoutYear": "Sep 03",
      "isTbd": false,
      "isDateConfirmed": false,
      "isTimeConfirmed": false,
      "eventState": 0,
      "venueId": 1208,
      "venueName": "Circus Krone",
      "formattedVenueLocation": "München, Germany",
      "timeToEventTotalMilliseconds": 0,
      "hasActiveListings": false,
      "isFavorite": false,
      "aggregateFavorites": 0,
      "isParkingEvent": false,
      "priceTrendPercentage": 0,
      "isRefetchedGlobalEvent": false
    },
    {
      "categoryId": 22106,
      "imageUrl": "https://media.stubhubstatic.com/stubhub-v2-catalog/d_vgg-defaultLogo.jpg/q_auto:low,f_auto,c_fill,g_auto,w_280,h_170,dpr_2.0/categories/22106/6346653",
      "priceClass": 2,
      "eventId": 152266091,
      "name": "Carolin Kebekus",
      "url": "/Theater-Tickets/Comedy/Carolin-Kebekus-Tickets/E-152266091",
      "dayOfWeek": "Fri",
      "formattedTime": "8:00 PM",
      "formattedDateWithoutYear": "Sep 06",
      "isTbd": false,
      "isDateConfirmed": false,
      "isTimeConfirmed": false,
      "eventState": 0,
      "venueId": 1208,
      "venueName": "Circus Krone",
      "formattedVenueLocation": "München, Germany",
      "timeToEventTotalMilliseconds": 0,
      "hasActiveListings": false,
      "isFavorite": false,
      "aggregateFavorites": 0,
      "isParkingEvent": false,
      "priceTrendPercentage": 0,
      "isRefetchedGlobalEvent": false
    },
    {
      "categoryId": 13364,
      "imageUrl": "https://media.stubhubstatic.com/stubhub-v2-catalog/d_vgg-defaultLogo.jpg/q_auto:low,f_auto,c_fill,g_auto,w_280,h_170,dpr_2.0/categories/13364/6318373",
      "priceClass": 2,
      "eventId": 152754681,
      "name": "Peter Fox",
      "url": "/Concert-Tickets/Rap-and-Hip-Hop-Music/Peter-Fox-Tickets/E-152754681",
      "dayOfWeek": "Fri",
      "formattedTime": "8:00 PM",
      "formattedDateWithoutYear": "Sep 13",
      "isTbd": false,
      "isDateConfirmed": false,
      "isTimeConfirmed": false,
      "eventState": 0,
      "venueId": 621,
      "venueName": "Olympiahalle München",
      "formattedVenueLocation": "München, Germany",
      "timeToEventTotalMilliseconds": 0,
      "hasActiveListings": false,
      "isFavorite": false,
      "aggregateFavorites": 0,
      "isParkingEvent": false,
      "priceTrendPercentage": 0,
      "isRefetchedGlobalEvent": false
    },
    {
      "categoryId": 35627,
      "imageUrl": "https://img.vggcdn.net/img/cat/1026/0/13.jpg",
      "priceClass": 2,
      "eventId": 153295495,
      "name": "GReeeN - Glückskind Tour 2024",
      "url": "/Concert-Tickets/Rap-and-Hip-Hop-Music/GReeeN-Tickets/E-153295495",
      "dayOfWeek": "Fri",
      "formattedTime": "8:00 PM",
      "formattedDateWithoutYear": "Sep 13",
      "isTbd": false,
      "isDateConfirmed": false,
      "isTimeConfirmed": false,
      "eventState": 0,
      "venueId": 605,
      "venueName": "Muffathalle",
      "formattedVenueLocation": "München, Germany",
      "timeToEventTotalMilliseconds": 0,
      "hasActiveListings": false,
      "isFavorite": false,
      "aggregateFavorites": 0,
      "isParkingEvent": false,
      "priceTrendPercentage": 0,
      "isRefetchedGlobalEvent": false
    },
    {
      "categoryId": 13364,
      "imageUrl": "https://media.stubhubstatic.com/stubhub-v2-catalog/d_vgg-defaultLogo.jpg/q_auto:low,f_auto,c_fill,g_auto,w_280,h_170,dpr_2.0/categories/13364/6318373",
      "priceClass": 2,
      "eventId": 152890012,
      "name": "Peter Fox",
      "url": "/Concert-Tickets/Rap-and-Hip-Hop-Music/Peter-Fox-Tickets/E-152890012",
      "dayOfWeek": "Tue",
      "formattedTime": "8:00 PM",
      "formattedDateWithoutYear": "Sep 17",
      "isTbd": false,
      "isDateConfirmed": false,
      "isTimeConfirmed": false,
      "eventState": 0,
      "venueId": 621,
      "venueName": "Olympiahalle München",
      "formattedVenueLocation": "München, Germany",
      "timeToEventTotalMilliseconds": 0,
      "hasActiveListings": false,
      "isFavorite": false,
      "aggregateFavorites": 0,
      "isParkingEvent": false,
      "priceTrendPercentage": 0,
      "isRefetchedGlobalEvent": false
    },
    {
      "categoryId": 5283,
      "imageUrl": "https://media.stubhubstatic.com/stubhub-v2-catalog/d_vgg-defaultLogo.jpg/q_auto:low,f_auto,c_fill,g_auto,w_280,h_170,dpr_2.0/categories/5283/6369553",
      "priceClass": 2,
      "eventId": 152107426,
      "name": "Jonas Brothers",
      "url": "/Concert-Tickets/Rock-and-Pop/Jonas-Brothers-Tickets/E-152107426",
      "dayOfWeek": "Fri",
      "formattedTime": "8:00 PM",
      "formattedDateWithoutYear": "Sep 20",
      "isTbd": false,
      "isDateConfirmed": false,
      "isTimeConfirmed": false,
      "eventState": 0,
      "venueId": 621,
      "venueName": "Olympiahalle München",
      "formattedVenueLocation": "München, Germany",
      "timeToEventTotalMilliseconds": 0,
      "hasActiveListings": false,
      "isFavorite": false,
      "aggregateFavorites": 0,
      "isParkingEvent": false,
      "priceTrendPercentage": 0,
      "isRefetchedGlobalEvent": false
    },
    {
      "categoryId": 32962,
      "imageUrl": "https://media.stubhubstatic.com/stubhub-v2-catalog/d_vgg-defaultLogo.jpg/q_auto:low,f_auto,c_fill,g_auto,w_280,h_170,dpr_2.0/categories/32962/6370408",
      "priceClass": 2,
      "eventId": 153385586,
      "name": "SCOTT BRADLEE'S POSTMODERN JUKEBOX",
      "url": "/Concert-Tickets/Rock-and-Pop/Scott-Bradlee-Tickets/E-153385586",
      "dayOfWeek": "Sat",
      "formattedTime": "8:00 PM",
      "formattedDateWithoutYear": "Sep 21",
      "isTbd": false,
      "isDateConfirmed": false,
      "isTimeConfirmed": false,
      "eventState": 0,
      "venueId": 1208,
      "venueName": "Circus Krone",
      "formattedVenueLocation": "München, Germany",
      "timeToEventTotalMilliseconds": 0,
      "hasActiveListings": false,
      "isFavorite": false,
      "aggregateFavorites": 0,
      "isParkingEvent": false,
      "priceTrendPercentage": 0,
      "isRefetchedGlobalEvent": false
    },
    {
      "categoryId": 4194,
      "imageUrl": "https://media.stubhubstatic.com/stubhub-v2-catalog/d_vgg-defaultLogo.jpg/q_auto:low,f_auto,c_fill,g_auto,w_280,h_170,dpr_2.0/categories/4194/6395480",
      "priceClass": 2,
      "eventId": 152252421,
      "name": "Dieter Nuhr - Nuhr auf Tour",
      "url": "/Theater-Tickets/Comedy/Dieter-Nuhr-Tickets/E-152252421",
      "dayOfWeek": "Fri",
      "formattedTime": "8:00 PM",
      "formattedDateWithoutYear": "Sep 27",
      "isTbd": false,
      "isDateConfirmed": false,
      "isTimeConfirmed": false,
      "eventState": 0,
      "venueId": 1208,
      "venueName": "Circus Krone",
      "formattedVenueLocation": "München, Germany",
      "timeToEventTotalMilliseconds": 0,
      "hasActiveListings": false,
      "isFavorite": false,
      "aggregateFavorites": 0,
      "isParkingEvent": false,
      "priceTrendPercentage": 0,
      "isRefetchedGlobalEvent": false
    },
    {
      "categoryId": 150004806,
      "imageUrl": "https://media.stubhubstatic.com/stubhub-v2-catalog/d_vgg-defaultLogo.jpg/q_auto:low,f_auto,c_fill,g_auto,w_280,h_170,dpr_2.0/categories/150004806/6319888",
      "priceClass": 2,
      "eventId": 152873153,
      "name": "Ski Aggu - Die letzte Tour",
      "url": "/Concert-Tickets/Rap-and-Hip-Hop-Music/Ski-Aggu-Tickets/E-152873153",
      "dayOfWeek": "Tue",
      "formattedTime": "8:00 PM",
      "formattedDateWithoutYear": "Oct 08",
      "isTbd": false,
      "isDateConfirmed": false,
      "isTimeConfirmed": false,
      "eventState": 0,
      "venueId": 733,
      "venueName": "Zenith München",
      "formattedVenueLocation": "Munich, Germany",
      "timeToEventTotalMilliseconds": 0,
      "hasActiveListings": false,
      "isFavorite": false,
      "aggregateFavorites": 0,
      "isParkingEvent": false,
      "priceTrendPercentage": 0,
      "isRefetchedGlobalEvent": false
    },
    {
      "categoryId": 150041655,
      "imageUrl": "https://media.stubhubstatic.com/stubhub-v2-catalog/d_vgg-defaultLogo.jpg/q_auto:low,f_auto,c_fill,g_auto,w_280,h_170,dpr_2.0/categories/150041655/6369169",
      "priceClass": 1,
      "eventId": 152390598,
      "name": "makko - Lieb mich oder lass es Tour 2024",
      "url": "/Concert-Tickets/Rap-and-Hip-Hop-Music/Makko-Tickets/E-152390598",
      "dayOfWeek": "Thu",
      "formattedTime": "8:00 PM",
      "formattedDateWithoutYear": "Oct 10",
      "isTbd": false,
      "isDateConfirmed": false,
      "isTimeConfirmed": false,
      "eventState": 0,
      "venueId": 733,
      "venueName": "Zenith München",
      "formattedVenueLocation": "Munich, Germany",
      "timeToEventTotalMilliseconds": 0,
      "hasActiveListings": false,
      "isFavorite": false,
      "aggregateFavorites": 0,
      "isParkingEvent": false,
      "priceTrendPercentage": 0,
      "isRefetchedGlobalEvent": false
    },
    {
      "categoryId": 11531,
      "imageUrl": "https://media.stubhubstatic.com/stubhub-v2-catalog/d_vgg-defaultLogo.jpg/q_auto:low,f_auto,c_fill,g_auto,w_280,h_170,dpr_2.0/categories/11531/6386370",
      "priceClass": 3,
      "eventId": 152622499,
      "name": "ARCH ENEMY & IN FLAMES",
      "url": "/Concert-Tickets/Hard-Rock-and-Metal-Music/Arch-Enemy-Tickets/E-152622499",
      "dayOfWeek": "Sun",
      "formattedTime": "7:00 PM",
      "formattedDateWithoutYear": "Oct 20",
      "isTbd": false,
      "isDateConfirmed": false,
      "isTimeConfirmed": false,
      "eventState": 0,
      "venueId": 733,
      "venueName": "Zenith München",
      "formattedVenueLocation": "Munich, Germany",
      "timeToEventTotalMilliseconds": 0,
      "hasActiveListings": false,
      "isFavorite": false,
      "aggregateFavorites": 0,
      "isParkingEvent": false,
      "priceTrendPercentage": 0,
      "isRefetchedGlobalEvent": false
    },
    {
      "categoryId": 165038,
      "imageUrl": "https://media.stubhubstatic.com/stubhub-v2-catalog/d_vgg-defaultLogo.jpg/q_auto:low,f_auto,c_fill,g_auto,w_280,h_170,dpr_2.0/categories/165038/6395284",
      "priceClass": 2,
      "eventId": 152409009,
      "name": "Timon Krause - Messias - Live 2024",
      "url": "/Theater-Tickets/Shows/Timon-Krause-Tickets/E-152409009",
      "dayOfWeek": "Mon",
      "formattedTime": "8:00 PM",
      "formattedDateWithoutYear": "Oct 21",
      "isTbd": false,
      "isDateConfirmed": false,
      "isTimeConfirmed": false,
      "eventState": 0,
      "venueId": 1208,
      "venueName": "Circus Krone",
      "formattedVenueLocation": "München, Germany",
      "timeToEventTotalMilliseconds": 0,
      "hasActiveListings": false,
      "isFavorite": false,
      "aggregateFavorites": 0,
      "isParkingEvent": false,
      "priceTrendPercentage": 0,
      "isRefetchedGlobalEvent": false
    },
    {
      "categoryId": 4615,
      "imageUrl": "https://media.stubhubstatic.com/stubhub-v2-catalog/d_vgg-defaultLogo.jpg/q_auto:low,f_auto,c_fill,g_auto,w_280,h_170,dpr_2.0/categories/4615/6345011",
      "priceClass": 3,
      "eventId": 153279512,
      "name": "DEEP PURPLE",
      "url": "/Concert-Tickets/Rock-and-Pop/Deep-Purple-Tickets/E-153279512",
      "dayOfWeek": "Wed",
      "formattedTime": "8:00 PM",
      "formattedDateWithoutYear": "Oct 23",
      "isTbd": false,
      "isDateConfirmed": false,
      "isTimeConfirmed": false,
      "eventState": 0,
      "venueId": 621,
      "venueName": "Olympiahalle München",
      "formattedVenueLocation": "München, Germany",
      "timeToEventTotalMilliseconds": 0,
      "hasActiveListings": false,
      "isFavorite": false,
      "aggregateFavorites": 0,
      "isParkingEvent": false,
      "priceTrendPercentage": 0,
      "isRefetchedGlobalEvent": false
    },
    {
      "categoryId": 13083,
      "imageUrl": "https://media.stubhubstatic.com/stubhub-v2-catalog/d_vgg-defaultLogo.jpg/q_auto:low,f_auto,c_fill,g_auto,w_280,h_170,dpr_2.0/categories/13083/6345623",
      "priceClass": 3,
      "eventId": 153025964,
      "name": "Jonas Kaufmann & Valerie Sepe",
      "url": "/Theater-Tickets/Classical/Jonas-Kaufmann-Tickets/E-153025964",
      "dayOfWeek": "Sat",
      "formattedTime": "7:30 PM",
      "formattedDateWithoutYear": "Nov 02",
      "isTbd": false,
      "isDateConfirmed": false,
      "isTimeConfirmed": false,
      "eventState": 0,
      "venueId": 95800,
      "venueName": "Isarphilharmonie at Gasteig HP8 - Complex",
      "formattedVenueLocation": "München, Germany",
      "timeToEventTotalMilliseconds": 0,
      "hasActiveListings": false,
      "isFavorite": false,
      "aggregateFavorites": 0,
      "isParkingEvent": false,
      "priceTrendPercentage": 0,
      "isRefetchedGlobalEvent": false
    },
    {
      "categoryId": 35010,
      "imageUrl": "https://media.stubhubstatic.com/stubhub-v2-catalog/d_vgg-defaultLogo.jpg/q_auto:low,f_auto,c_fill,g_auto,w_280,h_170,dpr_2.0/categories/64872/6319640",
      "priceClass": 3,
      "eventId": 152594223,
      "name": "Let's Dance 2024",
      "url": "/Theater-Tickets/Dance-Ballet/Lets-Dance-Tickets/E-152594223",
      "dayOfWeek": "Sat",
      "formattedTime": "8:00 PM",
      "formattedDateWithoutYear": "Nov 02",
      "isTbd": false,
      "isDateConfirmed": false,
      "isTimeConfirmed": false,
      "eventState": 0,
      "venueId": 621,
      "venueName": "Olympiahalle München",
      "formattedVenueLocation": "München, Germany",
      "timeToEventTotalMilliseconds": 0,
      "hasActiveListings": false,
      "isFavorite": false,
      "aggregateFavorites": 0,
      "isParkingEvent": false,
      "priceTrendPercentage": 0,
      "isRefetchedGlobalEvent": false
    },
    {
      "categoryId": 35010,
      "imageUrl": "https://media.stubhubstatic.com/stubhub-v2-catalog/d_vgg-defaultLogo.jpg/q_auto:low,f_auto,c_fill,g_auto,w_280,h_170,dpr_2.0/categories/35010/6317817",
      "priceClass": 2,
      "eventId": 152594239,
      "name": "Let's Dance 2024",
      "url": "/Theater-Tickets/Dance-Ballet/Lets-Dance-Tickets/E-152594239",
      "dayOfWeek": "Sun",
      "formattedTime": "2:00 PM",
      "formattedDateWithoutYear": "Nov 03",
      "isTbd": false,
      "isDateConfirmed": false,
      "isTimeConfirmed": false,
      "eventState": 0,
      "venueId": 621,
      "venueName": "Olympiahalle München",
      "formattedVenueLocation": "München, Germany",
      "timeToEventTotalMilliseconds": 0,
      "hasActiveListings": false,
      "isFavorite": false,
      "aggregateFavorites": 0,
      "isParkingEvent": false,
      "priceTrendPercentage": 0,
      "isRefetchedGlobalEvent": false
    },
    {
      "categoryId": 4426,
      "imageUrl": "https://media.stubhubstatic.com/stubhub-v2-catalog/d_vgg-defaultLogo.jpg/q_auto:low,f_auto,c_fill,g_auto,w_280,h_170,dpr_2.0/categories/4426/6395815",
      "priceClass": 3,
      "eventId": 153271552,
      "name": "Bryan Adams",
      "url": "/Concert-Tickets/Rock-and-Pop/Bryan-Adams-Tickets/E-153271552",
      "dayOfWeek": "Mon",
      "formattedTime": "8:00 PM",
      "formattedDateWithoutYear": "Nov 04",
      "isTbd": false,
      "isDateConfirmed": false,
      "isTimeConfirmed": false,
      "eventState": 0,
      "venueId": 621,
      "venueName": "Olympiahalle München",
      "formattedVenueLocation": "München, Germany",
      "timeToEventTotalMilliseconds": 0,
      "hasActiveListings": false,
      "isFavorite": false,
      "aggregateFavorites": 0,
      "isParkingEvent": false,
      "priceTrendPercentage": 0,
      "isRefetchedGlobalEvent": false
    },
    {
      "categoryId": 51752,
      "imageUrl": "https://media.stubhubstatic.com/stubhub-v2-catalog/d_vgg-defaultLogo.jpg/q_auto:low,f_auto,c_fill,g_auto,w_280,h_170,dpr_2.0/categories/51752/6389729",
      "priceClass": 2,
      "eventId": 152488063,
      "name": "The World of Hans Zimmer",
      "url": "/Concert-Tickets/Other-Concerts/The-World-of-Hans-Zimmer-Tickets/E-152488063",
      "dayOfWeek": "Tue",
      "formattedTime": "8:00 PM",
      "formattedDateWithoutYear": "Nov 05",
      "isTbd": false,
      "isDateConfirmed": false,
      "isTimeConfirmed": false,
      "eventState": 0,
      "venueId": 621,
      "venueName": "Olympiahalle München",
      "formattedVenueLocation": "München, Germany",
      "timeToEventTotalMilliseconds": 0,
      "hasActiveListings": false,
      "isFavorite": false,
      "aggregateFavorites": 0,
      "isParkingEvent": false,
      "priceTrendPercentage": 0,
      "isRefetchedGlobalEvent": false
    },
    {
      "categoryId": 18383,
      "imageUrl": "https://img.vggcdn.net/img/cat/18383/1/13.jpg",
      "priceClass": 2,
      "eventId": 153452257,
      "name": "Wolfgang Ambros - 2. Zusatzkonzert",
      "url": "/Concert-Tickets/Rock-and-Pop/Wolfgang-Ambros-Tickets/E-153452257",
      "dayOfWeek": "Fri",
      "formattedTime": "8:00 PM",
      "formattedDateWithoutYear": "Nov 08",
      "isTbd": false,
      "isDateConfirmed": false,
      "isTimeConfirmed": false,
      "eventState": 0,
      "venueId": 8556,
      "venueName": "Stadthalle Erding",
      "formattedVenueLocation": "Erding, Germany",
      "timeToEventTotalMilliseconds": 0,
      "hasActiveListings": false,
      "isFavorite": false,
      "aggregateFavorites": 0,
      "isParkingEvent": false,
      "priceTrendPercentage": 0,
      "isRefetchedGlobalEvent": false
    },
    {
      "categoryId": 52462,
      "imageUrl": "https://media.stubhubstatic.com/stubhub-v2-catalog/d_vgg-defaultLogo.jpg/q_auto:low,f_auto,c_fill,g_auto,w_280,h_170,dpr_2.0/categories/52462/6349125",
      "priceClass": 4,
      "eventId": 152646420,
      "name": "Jacob Collier",
      "url": "/Concert-Tickets/Pop-Music/Jacob-Collier-Tickets/E-152646420",
      "dayOfWeek": "Sat",
      "formattedTime": "8:00 PM",
      "formattedDateWithoutYear": "Nov 09",
      "isTbd": false,
      "isDateConfirmed": false,
      "isTimeConfirmed": false,
      "eventState": 0,
      "venueId": 733,
      "venueName": "Zenith München",
      "formattedVenueLocation": "Munich, Germany",
      "timeToEventTotalMilliseconds": 0,
      "hasActiveListings": false,
      "isFavorite": false,
      "aggregateFavorites": 0,
      "isParkingEvent": false,
      "priceTrendPercentage": 0,
      "isRefetchedGlobalEvent": false
    },
    {
      "categoryId": 10229,
      "imageUrl": "https://media.stubhubstatic.com/stubhub-v2-catalog/d_vgg-defaultLogo.jpg/q_auto:low,f_auto,c_fill,g_auto,w_280,h_170,dpr_2.0/categories/10229/6337730",
      "priceClass": 2,
      "eventId": 152743099,
      "name": "Ralf Schmitz",
      "url": "/Theater-Tickets/Comedy/Ralf-Schmitz-Tickets/E-152743099",
      "dayOfWeek": "Sat",
      "formattedTime": "8:00 PM",
      "formattedDateWithoutYear": "Nov 16",
      "isTbd": false,
      "isDateConfirmed": false,
      "isTimeConfirmed": false,
      "eventState": 0,
      "venueId": 1208,
      "venueName": "Circus Krone",
      "formattedVenueLocation": "München, Germany",
      "timeToEventTotalMilliseconds": 0,
      "hasActiveListings": false,
      "isFavorite": false,
      "aggregateFavorites": 0,
      "isParkingEvent": false,
      "priceTrendPercentage": 0,
      "isRefetchedGlobalEvent": false
    },
    {
      "categoryId": 15937,
      "imageUrl": "https://media.stubhubstatic.com/stubhub-v2-catalog/d_vgg-defaultLogo.jpg/q_auto:low,f_auto,c_fill,g_auto,w_280,h_170,dpr_2.0/categories/15937/6398953",
      "priceClass": 4,
      "eventId": 153196880,
      "name": "Ludovico Einaudi",
      "url": "/Theater-Tickets/Classical/Ludovico-Einaudi-Tickets/E-153196880",
      "dayOfWeek": "Fri",
      "formattedTime": "8:00 PM",
      "formattedDateWithoutYear": "Nov 22",
      "isTbd": false,
      "isDateConfirmed": false,
      "isTimeConfirmed": false,
      "eventState": 0,
      "venueId": 95800,
      "venueName": "Isarphilharmonie at Gasteig HP8 - Complex",
      "formattedVenueLocation": "München, Germany",
      "timeToEventTotalMilliseconds": 0,
      "hasActiveListings": false,
      "isFavorite": false,
      "aggregateFavorites": 0,
      "isParkingEvent": false,
      "priceTrendPercentage": 0,
      "isRefetchedGlobalEvent": false
    },
    {
      "categoryId": 10847,
      "imageUrl": "https://media.stubhubstatic.com/stubhub-v2-catalog/d_vgg-defaultLogo.jpg/q_auto:low,f_auto,c_fill,g_auto,w_280,h_170,dpr_2.0/categories/10847/6386369",
      "priceClass": 2,
      "eventId": 152624472,
      "name": "Fat Freddys Drop",
      "url": "/Concert-Tickets/Dance-and-Electronic-Music/Fat-Freddys-Drop-Tickets/E-152624472",
      "dayOfWeek": "Mon",
      "formattedTime": "8:00 PM",
      "formattedDateWithoutYear": "Nov 25",
      "isTbd": false,
      "isDateConfirmed": false,
      "isTimeConfirmed": false,
      "eventState": 0,
      "venueId": 733,
      "venueName": "Zenith München",
      "formattedVenueLocation": "Munich, Germany",
      "timeToEventTotalMilliseconds": 0,
      "hasActiveListings": false,
      "isFavorite": false,
      "aggregateFavorites": 0,
      "isParkingEvent": false,
      "priceTrendPercentage": 0,
      "isRefetchedGlobalEvent": false
    },
    {
      "categoryId": 101048,
      "imageUrl": "https://media.stubhubstatic.com/stubhub-v2-catalog/d_vgg-defaultLogo.jpg/q_auto:low,f_auto,c_fill,g_auto,w_280,h_170,dpr_2.0/categories/101048/6372953",
      "priceClass": 1,
      "eventId": 153429064,
      "name": "Dayseeker",
      "url": "/Concert-Tickets/Rock-and-Pop/Dayseeker-Tickets/E-153429064",
      "dayOfWeek": "Thu",
      "formattedTime": "8:00 PM",
      "formattedDateWithoutYear": "Nov 28",
      "isTbd": false,
      "isDateConfirmed": false,
      "isTimeConfirmed": false,
      "eventState": 0,
      "venueId": 7560,
      "venueName": "Backstage Halle",
      "formattedVenueLocation": "München, Germany",
      "timeToEventTotalMilliseconds": 0,
      "hasActiveListings": false,
      "isFavorite": false,
      "aggregateFavorites": 0,
      "isParkingEvent": false,
      "priceTrendPercentage": 0,
      "isRefetchedGlobalEvent": false
    },
    {
      "categoryId": 17087,
      "imageUrl": "https://media.stubhubstatic.com/stubhub-v2-catalog/d_vgg-defaultLogo.jpg/q_auto:low,f_auto,c_fill,g_auto,w_280,h_170,dpr_2.0/categories/17087/6394327",
      "priceClass": 2,
      "eventId": 152848218,
      "name": "Gianna Nannini",
      "url": "/Concert-Tickets/Pop-Rock/Italian-Pop/Gianna-Nannini-Tickets/E-152848218",
      "dayOfWeek": "Thu",
      "formattedTime": "9:00 PM",
      "formattedDateWithoutYear": "Nov 28",
      "isTbd": false,
      "isDateConfirmed": false,
      "isTimeConfirmed": false,
      "eventState": 0,
      "venueId": 621,
      "venueName": "Olympiahalle München",
      "formattedVenueLocation": "München, Germany",
      "timeToEventTotalMilliseconds": 0,
      "hasActiveListings": false,
      "isFavorite": false,
      "aggregateFavorites": 0,
      "isParkingEvent": false,
      "priceTrendPercentage": 0,
      "isRefetchedGlobalEvent": false
    },
    {
      "categoryId": 150050452,
      "imageUrl": "https://media.stubhubstatic.com/stubhub-v2-catalog/d_vgg-defaultLogo.jpg/q_auto:low,f_auto,c_fill,g_auto,w_280,h_170,dpr_2.0/categories/150050452/6358283",
      "priceClass": 1,
      "eventId": 152689521,
      "name": "HBz - Family Tour 2024",
      "url": "/Concert-Tickets/Dance-and-Electronic-Music/HBz-Tickets/E-152689521",
      "dayOfWeek": "Sat",
      "formattedTime": "8:00 PM",
      "formattedDateWithoutYear": "Nov 30",
      "isTbd": false,
      "isDateConfirmed": false,
      "isTimeConfirmed": false,
      "eventState": 0,
      "venueId": 733,
      "venueName": "Zenith München",
      "formattedVenueLocation": "Munich, Germany",
      "timeToEventTotalMilliseconds": 0,
      "hasActiveListings": false,
      "isFavorite": false,
      "aggregateFavorites": 0,
      "isParkingEvent": false,
      "priceTrendPercentage": 0,
      "isRefetchedGlobalEvent": false
    },
    {
      "categoryId": 10770,
      "imageUrl": "https://media.stubhubstatic.com/stubhub-v2-catalog/d_vgg-defaultLogo.jpg/q_auto:low,f_auto,c_fill,g_auto,w_280,h_170,dpr_2.0/categories/10770/6345312",
      "priceClass": 2,
      "eventId": 152500856,
      "name": "Deichkind",
      "url": "/Concert-Tickets/Rap-and-Hip-Hop-Music/Deichkind-Tickets/E-152500856",
      "dayOfWeek": "Tue",
      "formattedTime": "8:00 PM",
      "formattedDateWithoutYear": "Dec 03",
      "isTbd": false,
      "isDateConfirmed": false,
      "isTimeConfirmed": false,
      "eventState": 0,
      "venueId": 621,
      "venueName": "Olympiahalle München",
      "formattedVenueLocation": "München, Germany",
      "timeToEventTotalMilliseconds": 0,
      "hasActiveListings": false,
      "isFavorite": false,
      "aggregateFavorites": 0,
      "isParkingEvent": false,
      "priceTrendPercentage": 0,
      "isRefetchedGlobalEvent": false
    },
    {
      "categoryId": 6497,
      "imageUrl": "https://media.stubhubstatic.com/stubhub-v2-catalog/d_vgg-defaultLogo.jpg/q_auto:low,f_auto,c_fill,g_auto,w_280,h_170,dpr_2.0/categories/6497/6391025",
      "priceClass": 2,
      "eventId": 152778923,
      "name": "Night of the Proms 2024",
      "url": "/Theater-Tickets/Classical/Night-of-the-Proms-Tickets/E-152778923",
      "dayOfWeek": "Sun",
      "formattedTime": "3:00 PM",
      "formattedDateWithoutYear": "Dec 08",
      "isTbd": false,
      "isDateConfirmed": false,
      "isTimeConfirmed": false,
      "eventState": 0,
      "venueId": 621,
      "venueName": "Olympiahalle München",
      "formattedVenueLocation": "München, Germany",
      "timeToEventTotalMilliseconds": 0,
      "hasActiveListings": false,
      "isFavorite": false,
      "aggregateFavorites": 0,
      "isParkingEvent": false,
      "priceTrendPercentage": 0,
      "isRefetchedGlobalEvent": false
    },
    {
      "categoryId": 150017536,
      "imageUrl": "https://media.stubhubstatic.com/stubhub-catalog/d_vgg-defaultLogo.jpg/q_auto:low,f_auto,c_fill,g_auto,w_280,h_170,dpr_2.0/grouping/5042/baxj6l4tggnzuuripf1g",
      "priceClass": 2,
      "eventId": 152370532,
      "name": "RIVERDANCE",
      "url": "/Theater-Tickets/Theater/Riverdance/E-152370532",
      "dayOfWeek": "Fri",
      "formattedTime": "8:00 PM",
      "formattedDateWithoutYear": "Dec 13",
      "isTbd": false,
      "isDateConfirmed": false,
      "isTimeConfirmed": false,
      "eventState": 0,
      "venueId": 621,
      "venueName": "Olympiahalle München",
      "formattedVenueLocation": "München, Germany",
      "timeToEventTotalMilliseconds": 0,
      "hasActiveListings": false,
      "isFavorite": false,
      "aggregateFavorites": 0,
      "isParkingEvent": false,
      "priceTrendPercentage": 0,
      "isRefetchedGlobalEvent": false
    },
    {
      "categoryId": 150050291,
      "imageUrl": "https://media.stubhubstatic.com/stubhub-v2-catalog/d_vgg-defaultLogo.jpg/q_auto:low,f_auto,c_fill,g_auto,w_280,h_170,dpr_2.0/categories/150050291/6358276",
      "priceClass": 3,
      "eventId": 152853600,
      "name": "Tream",
      "url": "/Concert-Tickets/Rap-and-Hip-Hop-Music/Tream-Tickets/E-152853600",
      "dayOfWeek": "Sat",
      "formattedTime": "8:00 PM",
      "formattedDateWithoutYear": "Dec 14",
      "isTbd": false,
      "isDateConfirmed": false,
      "isTimeConfirmed": false,
      "eventState": 0,
      "venueId": 621,
      "venueName": "Olympiahalle München",
      "formattedVenueLocation": "München, Germany",
      "timeToEventTotalMilliseconds": 0,
      "hasActiveListings": false,
      "isFavorite": false,
      "aggregateFavorites": 0,
      "isParkingEvent": false,
      "priceTrendPercentage": 0,
      "isRefetchedGlobalEvent": false
    },
    {
      "categoryId": 4875,
      "imageUrl": "https://media.stubhubstatic.com/stubhub-v2-catalog/d_vgg-defaultLogo.jpg/q_auto:low,f_auto,c_fill,g_auto,w_280,h_170,dpr_2.0/categories/4875/6345047",
      "priceClass": 4,
      "eventId": 152488198,
      "name": "Die Fantastischen Vier",
      "url": "/Concert-Tickets/Rap-and-Hip-Hop-Music/Die-Fantastischen-Vier-Tickets/E-152488198",
      "dayOfWeek": "Sun",
      "formattedTime": "12:00 PM",
      "formattedDateWithoutYear": "Dec 15",
      "isTbd": false,
      "isDateConfirmed": false,
      "isTimeConfirmed": false,
      "eventState": 0,
      "venueId": 621,
      "venueName": "Olympiahalle München",
      "formattedVenueLocation": "München, Germany",
      "timeToEventTotalMilliseconds": 0,
      "hasActiveListings": false,
      "isFavorite": false,
      "aggregateFavorites": 0,
      "isParkingEvent": false,
      "priceTrendPercentage": 0,
      "isRefetchedGlobalEvent": false
    },
    {
      "categoryId": 4875,
      "imageUrl": "https://media.stubhubstatic.com/stubhub-v2-catalog/d_vgg-defaultLogo.jpg/q_auto:low,f_auto,c_fill,g_auto,w_280,h_170,dpr_2.0/categories/4875/6345047",
      "priceClass": 2,
      "eventId": 152521772,
      "name": "Die Fantastischen Vier",
      "url": "/Concert-Tickets/Rap-and-Hip-Hop-Music/Die-Fantastischen-Vier-Tickets/E-152521772",
      "dayOfWeek": "Sun",
      "formattedTime": "8:00 PM",
      "formattedDateWithoutYear": "Dec 15",
      "isTbd": false,
      "isDateConfirmed": false,
      "isTimeConfirmed": false,
      "eventState": 0,
      "venueId": 621,
      "venueName": "Olympiahalle München",
      "formattedVenueLocation": "München, Germany",
      "timeToEventTotalMilliseconds": 0,
      "hasActiveListings": false,
      "isFavorite": false,
      "aggregateFavorites": 0,
      "isParkingEvent": false,
      "priceTrendPercentage": 0,
      "isRefetchedGlobalEvent": false
    },
    {
      "categoryId": 46423,
      "imageUrl": "https://media.stubhubstatic.com/stubhub-catalog/d_vgg-defaultLogo.jpg/q_auto:low,f_auto,c_fill,g_auto,w_280,h_170,dpr_2.0/performer/100270948/ytcd6hbi4jvskbyyhj5k",
      "priceClass": 2,
      "eventId": 153324473,
      "name": "Wincent Weiss",
      "url": "/Concert-Tickets/Rock-and-Pop/Wincent-Weiss-Tickets/E-153324473",
      "dayOfWeek": "Tue",
      "formattedTime": "7:15 PM",
      "formattedDateWithoutYear": "Mar 18",
      "isTbd": false,
      "isDateConfirmed": false,
      "isTimeConfirmed": false,
      "eventState": 0,
      "venueId": 621,
      "venueName": "Olympiahalle München",
      "formattedVenueLocation": "München, Germany",
      "timeToEventTotalMilliseconds": 0,
      "hasActiveListings": false,
      "isFavorite": false,
      "aggregateFavorites": 0,
      "isParkingEvent": false,
      "priceTrendPercentage": 0,
      "isRefetchedGlobalEvent": false
    },
    {
      "categoryId": 27124,
      "imageUrl": "https://media.stubhubstatic.com/stubhub-v2-catalog/d_vgg-defaultLogo.jpg/q_auto:low,f_auto,c_fill,g_auto,w_280,h_170,dpr_2.0/categories/27124/6397836",
      "priceClass": 3,
      "eventId": 153332494,
      "name": "Twenty One Pilots",
      "url": "/Concert-Tickets/Rock-and-Pop/Twenty-One-Pilots-Tickets/E-153332494",
      "dayOfWeek": "Sun",
      "formattedTime": "7:30 PM",
      "formattedDateWithoutYear": "Apr 27",
      "isTbd": false,
      "isDateConfirmed": false,
      "isTimeConfirmed": false,
      "eventState": 0,
      "venueId": 621,
      "venueName": "Olympiahalle München",
      "formattedVenueLocation": "München, Germany",
      "timeToEventTotalMilliseconds": 0,
      "hasActiveListings": false,
      "isFavorite": false,
      "aggregateFavorites": 0,
      "isParkingEvent": false,
      "priceTrendPercentage": 0,
      "isRefetchedGlobalEvent": false
    },
    {
      "categoryId": 45151,
      "imageUrl": "https://media.stubhubstatic.com/stubhub-v2-catalog/d_vgg-defaultLogo.jpg/q_auto:low,f_auto,c_fill,g_auto,w_280,h_170,dpr_2.0/categories/45151/6393919",
      "priceClass": 3,
      "eventId": 152692806,
      "name": "Teddy Show",
      "url": "/Theater-Tickets/Comedy/Die-Teddy-Show-Tickets/E-152692806",
      "dayOfWeek": "Fri",
      "formattedTime": "8:00 PM",
      "formattedDateWithoutYear": "Jun 20",
      "isTbd": false,
      "isDateConfirmed": false,
      "isTimeConfirmed": false,
      "eventState": 0,
      "venueId": 621,
      "venueName": "Olympiahalle München",
      "formattedVenueLocation": "München, Germany",
      "timeToEventTotalMilliseconds": 0,
      "hasActiveListings": false,
      "isFavorite": false,
      "aggregateFavorites": 0,
      "isParkingEvent": false,
      "priceTrendPercentage": 0,
      "isRefetchedGlobalEvent": false
    },
    {
      "categoryId": 45151,
      "imageUrl": "https://media.stubhubstatic.com/stubhub-v2-catalog/d_vgg-defaultLogo.jpg/q_auto:low,f_auto,c_fill,g_auto,w_280,h_170,dpr_2.0/categories/45151/6393919",
      "priceClass": 2,
      "eventId": 152709641,
      "name": "Teddy Show",
      "url": "/Theater-Tickets/Comedy/Die-Teddy-Show-Tickets/E-152709641",
      "dayOfWeek": "Sat",
      "formattedTime": "8:00 PM",
      "formattedDateWithoutYear": "Jun 21",
      "isTbd": false,
      "isDateConfirmed": false,
      "isTimeConfirmed": false,
      "eventState": 0,
      "venueId": 621,
      "venueName": "Olympiahalle München",
      "formattedVenueLocation": "München, Germany",
      "timeToEventTotalMilliseconds": 0,
      "hasActiveListings": false,
      "isFavorite": false,
      "aggregateFavorites": 0,
      "isParkingEvent": false,
      "priceTrendPercentage": 0,
      "isRefetchedGlobalEvent": false
    },
    {
      "categoryId": 32753,
      "imageUrl": "https://media.stubhubstatic.com/stubhub-v2-catalog/d_vgg-defaultLogo.jpg/q_auto:low,f_auto,c_fill,g_auto,w_280,h_170,dpr_2.0/categories/32753/6347571",
      "priceClass": 2,
      "eventId": 153182998,
      "name": "Kontra K",
      "url": "/Concert-Tickets/Rap-and-Hip-Hop-Music/Kontra-K-Tickets/E-153182998",
      "dayOfWeek": "Tue",
      "formattedTime": "8:00 PM",
      "formattedDateWithoutYear": "Nov 18",
      "isTbd": false,
      "isDateConfirmed": false,
      "isTimeConfirmed": false,
      "eventState": 0,
      "venueId": 621,
      "venueName": "Olympiahalle München",
      "formattedVenueLocation": "München, Germany",
      "timeToEventTotalMilliseconds": 0,
      "hasActiveListings": false,
      "isFavorite": false,
      "aggregateFavorites": 0,
      "isParkingEvent": false,
      "priceTrendPercentage": 0,
      "isRefetchedGlobalEvent": false
    },
    {
      "categoryId": 38539,
      "imageUrl": "https://media.stubhubstatic.com/stubhub-v2-catalog/d_vgg-defaultLogo.jpg/q_auto:low,f_auto,c_fill,g_auto,w_280,h_170,dpr_2.0/categories/38539/6397897",
      "priceClass": 3,
      "eventId": 151804296,
      "name": "Romania vs Ukraine - European Championship 2024",
      "url": "/Sports-Tickets/Football/National-Soccer-Team/Romania-National-Soccer-Team-Tickets/E-151804296",
      "dayOfWeek": "Mon",
      "formattedTime": "3:00 PM",
      "formattedDateWithoutYear": "Jun 17",
      "isTbd": false,
      "isDateConfirmed": false,
      "isTimeConfirmed": false,
      "eventState": 0,
      "venueId": 18,
      "venueName": "Allianz Arena",
      "formattedVenueLocation": "Munich, Germany",
      "timeToEventTotalMilliseconds": 0,
      "hasActiveListings": false,
      "isFavorite": false,
      "aggregateFavorites": 0,
      "isParkingEvent": false,
      "priceTrendPercentage": 0,
      "isRefetchedGlobalEvent": false
    },
    {
      "categoryId": 149156,
      "imageUrl": "https://media.stubhubstatic.com/stubhub-v2-catalog/d_vgg-defaultLogo.jpg/q_auto:low,f_auto,c_fill,g_auto,w_280,h_170,dpr_2.0/categories/149156/6397434",
      "priceClass": 4,
      "eventId": 151804300,
      "name": "Slovenia vs Serbia - European Championship 2024",
      "url": "/Sports-Tickets/Soccer/European-Championship-2024-Tickets/E-151804300",
      "dayOfWeek": "Thu",
      "formattedTime": "3:00 PM",
      "formattedDateWithoutYear": "Jun 20",
      "isTbd": false,
      "isDateConfirmed": false,
      "isTimeConfirmed": false,
      "eventState": 0,
      "venueId": 18,
      "venueName": "Allianz Arena",
      "formattedVenueLocation": "Munich, Germany",
      "timeToEventTotalMilliseconds": 0,
      "hasActiveListings": false,
      "isFavorite": false,
      "aggregateFavorites": 0,
      "isParkingEvent": false,
      "priceTrendPercentage": 0,
      "isRefetchedGlobalEvent": false
    },
    {
      "categoryId": 149156,
      "imageUrl": "https://media.stubhubstatic.com/stubhub-v2-catalog/d_vgg-defaultLogo.jpg/q_auto:low,f_auto,c_fill,g_auto,w_280,h_170,dpr_2.0/categories/149156/6397434",
      "priceClass": 4,
      "eventId": 151804313,
      "name": "Denmark vs Serbia - European Championship 2024",
      "url": "/Sports-Tickets/Soccer/European-Championship-2024-Tickets/E-151804313",
      "dayOfWeek": "Tue",
      "formattedTime": "9:00 PM",
      "formattedDateWithoutYear": "Jun 25",
      "isTbd": false,
      "isDateConfirmed": false,
      "isTimeConfirmed": false,
      "eventState": 0,
      "venueId": 18,
      "venueName": "Allianz Arena",
      "formattedVenueLocation": "Munich, Germany",
      "timeToEventTotalMilliseconds": 0,
      "hasActiveListings": false,
      "isFavorite": false,
      "aggregateFavorites": 0,
      "isParkingEvent": false,
      "priceTrendPercentage": 0,
      "isRefetchedGlobalEvent": false
    },
    {
      "categoryId": 149156,
      "imageUrl": "https://media.stubhubstatic.com/stubhub-v2-catalog/d_vgg-defaultLogo.jpg/q_auto:low,f_auto,c_fill,g_auto,w_280,h_170,dpr_2.0/categories/149156/6397434",
      "priceClass": 4,
      "eventId": 151804320,
      "name": "1E vs 3A/B/C/D- Round of 16 - European Championship 2024",
      "url": "/Sports-Tickets/Soccer/European-Championship-2024-Tickets/E-151804320",
      "dayOfWeek": "Tue",
      "formattedTime": "6:00 PM",
      "formattedDateWithoutYear": "Jul 02",
      "isTbd": false,
      "isDateConfirmed": false,
      "isTimeConfirmed": false,
      "eventState": 0,
      "venueId": 18,
      "venueName": "Allianz Arena",
      "formattedVenueLocation": "Munich, Germany",
      "timeToEventTotalMilliseconds": 0,
      "hasActiveListings": false,
      "isFavorite": false,
      "aggregateFavorites": 0,
      "isParkingEvent": false,
      "priceTrendPercentage": 0,
      "isRefetchedGlobalEvent": false
    },
    {
      "categoryId": 149156,
      "imageUrl": "https://media.stubhubstatic.com/stubhub-v2-catalog/d_vgg-defaultLogo.jpg/q_auto:low,f_auto,c_fill,g_auto,w_280,h_170,dpr_2.0/categories/149156/6397434",
      "priceClass": 4,
      "eventId": 151804325,
      "name": "W45 vs W46 - Semi-Final - European Championship 2024",
      "url": "/Sports-Tickets/Soccer/European-Championship-2024-Tickets/E-151804325",
      "dayOfWeek": "Tue",
      "formattedTime": "9:00 PM",
      "formattedDateWithoutYear": "Jul 09",
      "isTbd": false,
      "isDateConfirmed": false,
      "isTimeConfirmed": false,
      "eventState": 0,
      "venueId": 18,
      "venueName": "Allianz Arena",
      "formattedVenueLocation": "Munich, Germany",
      "timeToEventTotalMilliseconds": 0,
      "hasActiveListings": false,
      "isFavorite": false,
      "aggregateFavorites": 0,
      "isParkingEvent": false,
      "priceTrendPercentage": 0,
      "isRefetchedGlobalEvent": false
    }
  ],
  "totalEvents": 0
}